-- Tabele z pliku GrafikUczelniStrukturaMY.sql muszą zostać utworzone najpierw.

USE GrafikUczelniPrzyklad;

INSERT INTO Pracownicy
  (IDPracownika, ImiePracownika, NazwiskoPracownika, AdresPracownika, 
   MiastoPracownika, StanZamPracownika, KodPocztowyPracownika, NumKierPracownika, TelefonPracownika, 
   Wynagrodzenie, DataZatrudnienia, Stanowisko)
  VALUES (98005, 'Suzanne', 'Viescas', '15127 NE 24th, #383', 
   'Redmond', 'WA', '98052', '425', '555-2686', 44000, 
   '1994-05-31', 'Wykladowcy');
INSERT INTO Pracownicy
  (IDPracownika, ImiePracownika, NazwiskoPracownika, AdresPracownika, 
   MiastoPracownika, StanZamPracownika, KodPocztowyPracownika, NumKierPracownika, TelefonPracownika, 
   Wynagrodzenie, DataZatrudnienia, Stanowisko)
  VALUES (98007, 'Gary', 'Hallmark', 'Route 2, Box 203B', 
   'Auburn', 'WA', '98002', '253', '555-2676', 53000, 
   '1993-01-21', 'Wykladowcy');
INSERT INTO Pracownicy
  (IDPracownika, ImiePracownika, NazwiskoPracownika, AdresPracownika, 
   MiastoPracownika, StanZamPracownika, KodPocztowyPracownika, NumKierPracownika, TelefonPracownika, 
   Wynagrodzenie, DataZatrudnienia, Stanowisko)
  VALUES (98010, 'Jeffrey', 'Smith', '30301 - 166th Ave. N.E.', 
   'Fremont', 'CA', '94538', '510', '555-2596', 52000, 
   '1991-10-06', 'Wykladowcy');
INSERT INTO Pracownicy
  (IDPracownika, ImiePracownika, NazwiskoPracownika, AdresPracownika, 
   MiastoPracownika, StanZamPracownika, KodPocztowyPracownika, NumKierPracownika, TelefonPracownika, 
   Wynagrodzenie, DataZatrudnienia, Stanowisko)
  VALUES (98011, 'Ann', 'Patterson', '16 Maple Lane', 
   'Auburn', 'WA', '98002', '253', '555-2591', 45000, 
   '1991-10-16', 'Wykladowcy');
INSERT INTO Pracownicy
  (IDPracownika, ImiePracownika, NazwiskoPracownika, AdresPracownika, 
   MiastoPracownika, StanZamPracownika, KodPocztowyPracownika, NumKierPracownika, TelefonPracownika, 
   Wynagrodzenie, DataZatrudnienia, Stanowisko)
  VALUES (98012, 'Robert', 'Brown', '672 Lamont Ave', 
   'Houston', 'TX', '77201', '713', '555-2491', 49000, 
   '1997-02-09', 'Wykladowcy');
INSERT INTO Pracownicy
  (IDPracownika, ImiePracownika, NazwiskoPracownika, AdresPracownika, 
   MiastoPracownika, StanZamPracownika, KodPocztowyPracownika, NumKierPracownika, TelefonPracownika, 
   Wynagrodzenie, DataZatrudnienia, Stanowisko)
  VALUES (98013, 'Deb', 'Waldal', '908 W. Capital Way', 
   'Tacoma', 'WA', '98413', '253', '555-2496', 44000, 
   '1994-07-05', 'Wykladowcy');
INSERT INTO Pracownicy
  (IDPracownika, ImiePracownika, NazwiskoPracownika, AdresPracownika, 
   MiastoPracownika, StanZamPracownika, KodPocztowyPracownika, NumKierPracownika, TelefonPracownika, 
   Wynagrodzenie, DataZatrudnienia, Stanowisko)
  VALUES (98014, 'Peter', 'Brehm', '722 Moss Bay Blvd.', 
   'Kirkland', 'WA', '98033', '425', '555-2501', 60000, 
   '1994-07-16', 'Wykladowcy');
INSERT INTO Pracownicy
  (IDPracownika, ImiePracownika, NazwiskoPracownika, AdresPracownika, 
   MiastoPracownika, StanZamPracownika, KodPocztowyPracownika, NumKierPracownika, TelefonPracownika, 
   Wynagrodzenie, DataZatrudnienia, Stanowisko)
  VALUES (98019, 'Mariya', 'Sergienko', '901 Pine Avenue', 
   'Portland', 'OR', '97208', '503', '555-2526', 45000, 
   '1997-11-02', 'Wykladowcy');
INSERT INTO Pracownicy
  (IDPracownika, ImiePracownika, NazwiskoPracownika, AdresPracownika, 
   MiastoPracownika, StanZamPracownika, KodPocztowyPracownika, NumKierPracownika, TelefonPracownika, 
   Wynagrodzenie, DataZatrudnienia, Stanowisko)
  VALUES (98020, 'Jim', 'Glynn', '13920 S.E. 40th Street', 
   'Bellevue', 'WA', '98009', '425', '555-2531', 45000, 
   '1993-08-02', 'Wykladowcy');
INSERT INTO Pracownicy
  (IDPracownika, ImiePracownika, NazwiskoPracownika, AdresPracownika, 
   MiastoPracownika, StanZamPracownika, KodPocztowyPracownika, NumKierPracownika, TelefonPracownika, 
   Wynagrodzenie, DataZatrudnienia, Stanowisko)
  VALUES (98021, 'Tim', 'Smith', '30301 - 166th Ave. N.E.', 
   'Seattle', 'WA', '98106', '206', '555-2536', 40000, 
   '1996-12-17', 'Registrar');
INSERT INTO Pracownicy
  (IDPracownika, ImiePracownika, NazwiskoPracownika, AdresPracownika, 
   MiastoPracownika, StanZamPracownika, KodPocztowyPracownika, NumKierPracownika, TelefonPracownika, 
   Wynagrodzenie, DataZatrudnienia, Stanowisko)
  VALUES (98025, 'Carol', 'Viescas', '722 Moss Bay Blvd.', 
   'Kirkland', 'WA', '98033', '425', '555-2576', 50000, 
   '1992-04-12', 'Wykladowcy');
INSERT INTO Pracownicy
  (IDPracownika, ImiePracownika, NazwiskoPracownika, AdresPracownika, 
   MiastoPracownika, StanZamPracownika, KodPocztowyPracownika, NumKierPracownika, TelefonPracownika, 
   Wynagrodzenie, DataZatrudnienia, Stanowisko)
  VALUES (98028, 'Alaina', 'Hallmark', 'Route 2, Box 203B', 
   'Woodinville', 'WA', '98072', '425', '555-2631', 
   57000, '1992-01-17', 'Wykladowcy');
INSERT INTO Pracownicy
  (IDPracownika, ImiePracownika, NazwiskoPracownika, AdresPracownika, 
   MiastoPracownika, StanZamPracownika, KodPocztowyPracownika, NumKierPracownika, TelefonPracownika, 
   Wynagrodzenie, DataZatrudnienia, Stanowisko)
  VALUES (98030, 'Liz', 'Keyser', '13920 S.E. 40th Street', 
   'Bellevue', 'WA', '98006', '425', '555-2556', 48000, 
   '1996-05-31', 'Wykladowcy');
INSERT INTO Pracownicy
  (IDPracownika, ImiePracownika, NazwiskoPracownika, AdresPracownika, 
   MiastoPracownika, StanZamPracownika, KodPocztowyPracownika, NumKierPracownika, TelefonPracownika, 
   Wynagrodzenie, DataZatrudnienia, Stanowisko)
  VALUES (98036, 'Sam', 'Abolrous', '611 Alpine Drive', 
   'Palm Springs', 'CA', '92263', '760', '555-2611', 
   60000, '1990-11-20', 'Wykladowcy');
INSERT INTO Pracownicy
  (IDPracownika, ImiePracownika, NazwiskoPracownika, AdresPracownika, 
   MiastoPracownika, StanZamPracownika, KodPocztowyPracownika, NumKierPracownika, TelefonPracownika, 
   Wynagrodzenie, DataZatrudnienia, Stanowisko)
  VALUES (98040, 'Jim', 'Wilson', '101 NE 88th', 'Salem', 
   'OR', '97301', '503', '555-2636', 50000, '1995-01-13', 
   'Wykladowcy');
INSERT INTO Pracownicy
  (IDPracownika, ImiePracownika, NazwiskoPracownika, AdresPracownika, 
   MiastoPracownika, StanZamPracownika, KodPocztowyPracownika, NumKierPracownika, TelefonPracownika, 
   Wynagrodzenie, DataZatrudnienia, Stanowisko)
  VALUES (98042, 'David', 'Smith', '311 20th Ave. N.E.', 
   'Fremont', 'CA', '94538', '510', '555-2646', 52000, 
   '1999-12-17', 'Wykladowcy');
INSERT INTO Pracownicy
  (IDPracownika, ImiePracownika, NazwiskoPracownika, AdresPracownika, 
   MiastoPracownika, StanZamPracownika, KodPocztowyPracownika, NumKierPracownika, TelefonPracownika, 
   Wynagrodzenie, DataZatrudnienia, Stanowisko)
  VALUES (98043, 'Kathryn', 'Patterson', '16 Maple Lane', 
   'Seattle', 'WA', '98115', '206', '555-2651', 25000, 
   '1992-11-14', 'Secretary');
INSERT INTO Pracownicy
  (IDPracownika, ImiePracownika, NazwiskoPracownika, AdresPracownika, 
   MiastoPracownika, StanZamPracownika, KodPocztowyPracownika, NumKierPracownika, TelefonPracownika, 
   Wynagrodzenie, DataZatrudnienia, Stanowisko)
  VALUES (98045, 'Michael', 'Hernandez', 'PO Box 223311', 
   'Tacoma', 'WA', '98413', '253', '555-2711', 60000, 
   '1998-08-20', 'Wykladowcy');
INSERT INTO Pracownicy
  (IDPracownika, ImiePracownika, NazwiskoPracownika, AdresPracownika, 
   MiastoPracownika, StanZamPracownika, KodPocztowyPracownika, NumKierPracownika, TelefonPracownika, 
   Wynagrodzenie, DataZatrudnienia, Stanowisko)
  VALUES (98048, 'Joyce', 'Bonnicksen', '2424 Thames Drive', 
   'Bellevue', 'WA', '98006', '425', '555-2726', 60000, 
   '1994-03-02', 'Wykladowcy');
INSERT INTO Pracownicy
  (IDPracownika, ImiePracownika, NazwiskoPracownika, AdresPracownika, 
   MiastoPracownika, StanZamPracownika, KodPocztowyPracownika, NumKierPracownika, TelefonPracownika, 
   Wynagrodzenie, DataZatrudnienia, Stanowisko)
  VALUES (98052, 'Katherine', 'Ehrlich', '777 Fenexet Blvd', 
   'Redmond', 'WA', '98052', '425', '555-0399', 45000, 
   '1993-03-08', 'Wykladowcy');
INSERT INTO Pracownicy
  (IDPracownika, ImiePracownika, NazwiskoPracownika, AdresPracownika, 
   MiastoPracownika, StanZamPracownika, KodPocztowyPracownika, NumKierPracownika, TelefonPracownika, 
   Wynagrodzenie, DataZatrudnienia, Stanowisko)
  VALUES (98053, 'Caleb', 'Viescas', '4501 Wetland Road', 
   'Long Beach', 'CA', '90809', '562', '555-0037', 
   45000, '2000-02-10', 'Wykladowcy');
INSERT INTO Pracownicy
  (IDPracownika, ImiePracownika, NazwiskoPracownika, AdresPracownika, 
   MiastoPracownika, StanZamPracownika, KodPocztowyPracownika, NumKierPracownika, TelefonPracownika, 
   Wynagrodzenie, DataZatrudnienia, Stanowisko)
  VALUES (98055, 'Alastair', 'Black', '3887 Easy Street', 
   'Seattle', 'WA', '98125', '206', '555-0039', 60000, 
   '1996-12-11', 'Wykladowcy');
INSERT INTO Pracownicy
  (IDPracownika, ImiePracownika, NazwiskoPracownika, AdresPracownika, 
   MiastoPracownika, StanZamPracownika, KodPocztowyPracownika, NumKierPracownika, TelefonPracownika, 
   Wynagrodzenie, DataZatrudnienia, Stanowisko)
  VALUES (98057, 'Joe', 'Rosales III', '7288 Barrister Ave N', 
   'Tacoma', 'WA', '98413', '253', '555-2281', 35000, 
   '1996-11-25', 'Graduate Advisor');
INSERT INTO Pracownicy
  (IDPracownika, ImiePracownika, NazwiskoPracownika, AdresPracownika, 
   MiastoPracownika, StanZamPracownika, KodPocztowyPracownika, NumKierPracownika, TelefonPracownika, 
   Wynagrodzenie, DataZatrudnienia, Stanowisko)
  VALUES (98059, 'Maria', 'Patterson', '3445 Cheyenne Road', 
   'El Paso', 'TX', '79993', '915', '555-2291', 48000, 
   '1994-09-17', 'Wykladowcy');
INSERT INTO Pracownicy
  (IDPracownika, ImiePracownika, NazwiskoPracownika, AdresPracownika, 
   MiastoPracownika, StanZamPracownika, KodPocztowyPracownika, NumKierPracownika, TelefonPracownika, 
   Wynagrodzenie, DataZatrudnienia, Stanowisko)
  VALUES (98062, 'Caroline', 'Coie', '298 Forest Lane', 
   'Seattle', 'WA', '98125', '206', '555-2306', 52000, 
   '1991-01-28', 'Wykladowcy');
INSERT INTO Pracownicy
  (IDPracownika, ImiePracownika, NazwiskoPracownika, AdresPracownika, 
   MiastoPracownika, StanZamPracownika, KodPocztowyPracownika, NumKierPracownika, TelefonPracownika, 
   Wynagrodzenie, DataZatrudnienia, Stanowisko)
  VALUES (98063, 'Kirk', 'DeGrasse', '455 West Palm Ave', 
   'San Antonio', 'TX', '78284', '210', '555-2311', 
   45000, '1996-03-02', 'Wykladowcy');
INSERT INTO Pracownicy
  (IDPracownika, ImiePracownika, NazwiskoPracownika, AdresPracownika, 
   MiastoPracownika, StanZamPracownika, KodPocztowyPracownika, NumKierPracownika, TelefonPracownika, 
   Wynagrodzenie, DataZatrudnienia, Stanowisko)
  VALUES (98064, 'Luke', 'Patterson', '877 145th Ave SE', 
   'Portland', 'OR', '97208', '503', '555-2316', 56000, 
   '1997-08-20', 'Wykladowcy');
 
INSERT INTO Wydzialy
  (IDWydzialu, NazwaWydzialu, KierownikWydzialu)
  VALUES (1, 'Zarządzanie', 98012);
INSERT INTO Wydzialy
  (IDWydzialu, NazwaWydzialu, KierownikWydzialu)
  VALUES (2, 'Nauki ścisłe', 98010);
INSERT INTO Wydzialy
  (IDWydzialu, NazwaWydzialu, KierownikWydzialu)
  VALUES (3, 'Nauki humanistyczne', 98005);
INSERT INTO Wydzialy
  (IDWydzialu, NazwaWydzialu, KierownikWydzialu)
  VALUES (4, 'Nauki społeczne', 98059);
INSERT INTO Wydzialy
  (IDWydzialu, NazwaWydzialu, KierownikWydzialu)
  VALUES (5, 'Informatyka', 98007);
 
INSERT INTO Kierunki
  (IDKierunku, Kierunek)
  VALUES (1, 'Wiedza ogólna');
INSERT INTO Kierunki
  (IDKierunku, Kierunek)
  VALUES (2, 'Angielski');
INSERT INTO Kierunki
  (IDKierunku, Kierunek)
  VALUES (3, 'Muzyka');
INSERT INTO Kierunki
  (IDKierunku, Kierunek)
  VALUES (4, 'Informatyka');
INSERT INTO Kierunki
  (IDKierunku, Kierunek)
  VALUES (5, 'Księgowość');
INSERT INTO Kierunki
  (IDKierunku, Kierunek)
  VALUES (6, 'Sztuka');
INSERT INTO Kierunki
  (IDKierunku, Kierunek)
  VALUES (7, 'Matematyka');
 
INSERT INTO Studenci
  (IDStudenta, ImieStudenta, NazwiskoStudenta, AdresStudenta, 
   MiastoStudenta, StanZamStudenta, KodPocztowyStudenta, NumKierStudenta, 
   TelefonStudenta, DataUrodzStudenta, PlecStudenta, StanCywilnyStudenta, 
   KierunekStudiow)
  VALUES (1001, 'Kerry', 'Patterson', '9877 Hacienda Drive', 
   'San Antonio', 'TX', '78284', '210', '555-2706', 
   '1991-10-01', 'K', 'S', 1);
INSERT INTO Studenci
  (IDStudenta, ImieStudenta, NazwiskoStudenta, AdresStudenta, 
   MiastoStudenta, StanZamStudenta, KodPocztowyStudenta, NumKierStudenta, 
   TelefonStudenta, DataUrodzStudenta, PlecStudenta, StanCywilnyStudenta, 
   KierunekStudiow)
  VALUES (1002, 'David', 'Hamilton', '908 W. Capital Way', 
   'Tacoma', 'WA', '98413', '253', '555-2701', '1995-11-02', 
   'M', 'S', 2);
INSERT INTO Studenci
  (IDStudenta, ImieStudenta, NazwiskoStudenta, AdresStudenta, 
   MiastoStudenta, StanZamStudenta, KodPocztowyStudenta, NumKierStudenta, 
   TelefonStudenta, DataUrodzStudenta, PlecStudenta, StanCywilnyStudenta, 
   KierunekStudiow)
  VALUES (1003, 'Betsy', 'Stadick', '611 Alpine Drive', 
   'Palm Springs', 'CA', '92263', '760', '555-2696', 
   '1989-03-13', 'K', 'W', 3);
INSERT INTO Studenci
  (IDStudenta, ImieStudenta, NazwiskoStudenta, AdresStudenta, 
   MiastoStudenta, StanZamStudenta, KodPocztowyStudenta, NumKierStudenta, 
   TelefonStudenta, DataUrodzStudenta, PlecStudenta, StanCywilnyStudenta, 
   KierunekStudiow)
  VALUES (1004, 'Janice', 'Galvin', '4110 Old Redmond Rd.', 
   'Redmond', 'WA', '98052', '425', '555-2691', '1994-07-04', 
   'K', 'S', 4);
INSERT INTO Studenci
  (IDStudenta, ImieStudenta, NazwiskoStudenta, AdresStudenta, 
   MiastoStudenta, StanZamStudenta, KodPocztowyStudenta, NumKierStudenta, 
   TelefonStudenta, DataUrodzStudenta, PlecStudenta, StanCywilnyStudenta, 
   KierunekStudiow)
  VALUES (1005, 'Doris', 'Hartwig', '4726 - 11th Ave. N.E.', 
   'Seattle', 'WA', '98105', '206', '555-2671', '1992-08-12', 
   'K', 'R', 5);
INSERT INTO Studenci
  (IDStudenta, ImieStudenta, NazwiskoStudenta, AdresStudenta, 
   MiastoStudenta, StanZamStudenta, KodPocztowyStudenta, NumKierStudenta, 
   TelefonStudenta, DataUrodzStudenta, PlecStudenta, StanCywilnyStudenta, 
   KierunekStudiow)
  VALUES (1006, 'Scott', 'Bishop', '66 Spring Valley Drive', 
   'Medford', 'OR', '97501', '541', '555-2666', '1995-07-11', 
   'M', 'S', 6);
INSERT INTO Studenci
  (IDStudenta, ImieStudenta, NazwiskoStudenta, AdresStudenta, 
   MiastoStudenta, StanZamStudenta, KodPocztowyStudenta, NumKierStudenta, 
   TelefonStudenta, DataUrodzStudenta, PlecStudenta, StanCywilnyStudenta, 
   KierunekStudiow)
  VALUES (1007, 'Elizabeth', 'Hallmark', 'Route 2, Box 203B', 
   'Auburn', 'WA', '98002', '253', '555-2521', '1996-08-29', 
   'K', 'S', 7);
INSERT INTO Studenci
  (IDStudenta, ImieStudenta, NazwiskoStudenta, AdresStudenta, 
   MiastoStudenta, StanZamStudenta, KodPocztowyStudenta, NumKierStudenta, 
   TelefonStudenta, DataUrodzStudenta, PlecStudenta, StanCywilnyStudenta, 
   KierunekStudiow)
  VALUES (1008, 'Sara', 'Sheskey', '16679 NE 41st Court', 
   'Portland', 'OR', '97208', '503', '555-2566', '1989-08-15', 
   'K', 'M', 1);
INSERT INTO Studenci
  (IDStudenta, ImieStudenta, NazwiskoStudenta, AdresStudenta, 
   MiastoStudenta, StanZamStudenta, KodPocztowyStudenta, NumKierStudenta, 
   TelefonStudenta, DataUrodzStudenta, PlecStudenta, StanCywilnyStudenta, 
   KierunekStudiow)
  VALUES (1009, 'Karen', 'Smith', '30301 - 166th Ave. N.E.', 
   'Eugene', 'OR', '97401', '541', '555-2551', '1993-12-05', 
   'K', 'S', 2);
INSERT INTO Studenci
  (IDStudenta, ImieStudenta, NazwiskoStudenta, AdresStudenta, 
   MiastoStudenta, StanZamStudenta, KodPocztowyStudenta, NumKierStudenta, 
   TelefonStudenta, DataUrodzStudenta, PlecStudenta, StanCywilnyStudenta, 
   KierunekStudiow)
  VALUES (1010, 'Marianne', 'Wier', '908 W. Capital Way', 
   'Tacoma', 'WA', '98413', '253', '555-2606', '1996-03-08', 
   'K', 'S', 3);
INSERT INTO Studenci
  (IDStudenta, ImieStudenta, NazwiskoStudenta, AdresStudenta, 
   MiastoStudenta, StanZamStudenta, KodPocztowyStudenta, NumKierStudenta, 
   TelefonStudenta, DataUrodzStudenta, PlecStudenta, StanCywilnyStudenta, 
   KierunekStudiow)
  VALUES (1011, 'John', 'Kennedy', '16679 NE 41st Court', 
   'Portland', 'OR', '97208', '503', '555-2621', '1991-04-18', 
   'M', 'S', 4);
INSERT INTO Studenci
  (IDStudenta, ImieStudenta, NazwiskoStudenta, AdresStudenta, 
   MiastoStudenta, StanZamStudenta, KodPocztowyStudenta, NumKierStudenta, 
   TelefonStudenta, DataUrodzStudenta, PlecStudenta, StanCywilnyStudenta, 
   KierunekStudiow)
  VALUES (1012, 'Sarah', 'Thompson', '2222 Springer Road', 
   'Lubbock', 'TX', '79402', '806', '555-2626', '1994-01-11', 
   'K', 'S', 5);
INSERT INTO Studenci
  (IDStudenta, ImieStudenta, NazwiskoStudenta, AdresStudenta, 
   MiastoStudenta, StanZamStudenta, KodPocztowyStudenta, NumKierStudenta, 
   TelefonStudenta, DataUrodzStudenta, PlecStudenta, StanCywilnyStudenta, 
   KierunekStudiow)
  VALUES (1013, 'Michael', 'Viescas', '15127 NE 24th, #383', 
   'Redmond', 'WA', '98052', '425', '555-2656', '1995-09-22', 
   'M', 'S', 6);
INSERT INTO Studenci
  (IDStudenta, ImieStudenta, NazwiskoStudenta, AdresStudenta, 
   MiastoStudenta, StanZamStudenta, KodPocztowyStudenta, NumKierStudenta, 
   TelefonStudenta, DataUrodzStudenta, PlecStudenta, StanCywilnyStudenta, 
   KierunekStudiow)
  VALUES (1014, 'Kendra', 'Bonnicksen', '12330 Larchlemont Lane', 
   'Seattle', 'WA', '98105', '206', '555-2716', '1988-10-25', 
   'K', 'M', 7);
INSERT INTO Studenci
  (IDStudenta, ImieStudenta, NazwiskoStudenta, AdresStudenta, 
   MiastoStudenta, StanZamStudenta, KodPocztowyStudenta, NumKierStudenta, 
   TelefonStudenta, DataUrodzStudenta, PlecStudenta, StanCywilnyStudenta, 
   KierunekStudiow)
  VALUES (1015, 'Brannon', 'Jones', '777 Fenexet Blvd', 
   'Long Beach', 'CA', '90809', '562', '555-0399', 
   '1992-05-01', 'M', 'S', 2);
INSERT INTO Studenci
  (IDStudenta, ImieStudenta, NazwiskoStudenta, AdresStudenta, 
   MiastoStudenta, StanZamStudenta, KodPocztowyStudenta, NumKierStudenta, 
   TelefonStudenta, DataUrodzStudenta, PlecStudenta, StanCywilnyStudenta, 
   KierunekStudiow)
  VALUES (1016, 'Steve', 'Pundt', '2500 Rosales Lane', 
   'Dallas', 'TX', '79915', '972', '555-9938', '1994-03-03', 
   'M', 'S', 4);
INSERT INTO Studenci
  (IDStudenta, ImieStudenta, NazwiskoStudenta, AdresStudenta, 
   MiastoStudenta, StanZamStudenta, KodPocztowyStudenta, NumKierStudenta, 
   TelefonStudenta, DataUrodzStudenta, PlecStudenta, StanCywilnyStudenta, 
   KierunekStudiow)
  VALUES (1017, 'George', 'Chavez', '281 Old Navy Road', 
   'Bremerton', 'WA', '98310', '360', '555-9930', '1994-03-13', 
   'M', 'S', 6);
INSERT INTO Studenci
  (IDStudenta, ImieStudenta, NazwiskoStudenta, AdresStudenta, 
   MiastoStudenta, StanZamStudenta, KodPocztowyStudenta, NumKierStudenta, 
   TelefonStudenta, DataUrodzStudenta, PlecStudenta, StanCywilnyStudenta, 
   KierunekStudiow)
  VALUES (1018, 'Richard', 'Lum', '754 Fourth Ave', 
   'Seattle', 'WA', '98115', '206', '555-2296', '1995-04-24', 
   'M', 'S', 7);
 
INSERT INTO Status_zajec_studenta
  (StatusZajec, OpisStatusuZajec)
  VALUES (1, 'Zapisany');
INSERT INTO Status_zajec_studenta
  (StatusZajec, OpisStatusuZajec)
  VALUES (2, 'Ukończono');
INSERT INTO Status_zajec_studenta
  (StatusZajec, OpisStatusuZajec)
  VALUES (3, 'Rezygnacja');
 
INSERT INTO Dziedziny
  (IDDziedziny, OpisDziedziny, IDWydzialu)
  VALUES ('KSI', 'Księgowość', 1);
INSERT INTO Dziedziny
  (IDDziedziny, OpisDziedziny, IDWydzialu)
  VALUES ('SZT', 'Sztuka', 3);
INSERT INTO Dziedziny
  (IDDziedziny, OpisDziedziny, IDWydzialu)
  VALUES ('BIO', 'Biologia', 2);
INSERT INTO Dziedziny
  (IDDziedziny, OpisDziedziny, IDWydzialu)
  VALUES ('BIZ', 'Biznes', 1);
INSERT INTO Dziedziny
  (IDDziedziny, OpisDziedziny, IDWydzialu)
  VALUES ('CHE', 'Chemia', 2);
INSERT INTO Dziedziny
  (IDDziedziny, OpisDziedziny, IDWydzialu)
  VALUES ('KOM', 'Systemy informatyczne', 5);
INSERT INTO Dziedziny
  (IDDziedziny, OpisDziedziny, IDWydzialu)
  VALUES ('INF', 'Informatyka', 5);
INSERT INTO Dziedziny
  (IDDziedziny, OpisDziedziny, IDWydzialu)
  VALUES ('EKO', 'Ekonomia', 4);
INSERT INTO Dziedziny
  (IDDziedziny, OpisDziedziny, IDWydzialu)
  VALUES ('ANG', 'Angielski', 3);
INSERT INTO Dziedziny
  (IDDziedziny, OpisDziedziny, IDWydzialu)
  VALUES ('FRA', 'Francuski', 3);
INSERT INTO Dziedziny
  (IDDziedziny, OpisDziedziny, IDWydzialu)
  VALUES ('GEO', 'Geografia', 4);
INSERT INTO Dziedziny
  (IDDziedziny, OpisDziedziny, IDWydzialu)
  VALUES ('NIE', 'Niemiecki', 3);
INSERT INTO Dziedziny
  (IDDziedziny, OpisDziedziny, IDWydzialu)
  VALUES ('HIS', 'Historia', 4);
INSERT INTO Dziedziny
  (IDDziedziny, OpisDziedziny, IDWydzialu)
  VALUES ('DZI', 'Dziennikarstwo', 1);
INSERT INTO Dziedziny
  (IDDziedziny, OpisDziedziny, IDWydzialu)
  VALUES ('MAT', 'Matematyka', 2);
INSERT INTO Dziedziny
  (IDDziedziny, OpisDziedziny, IDWydzialu)
  VALUES ('MUZ', 'Muzyka', 3);
INSERT INTO Dziedziny
  (IDDziedziny, OpisDziedziny, IDWydzialu)
  VALUES ('FIZ', 'Fizyka', 2);
INSERT INTO Dziedziny
  (IDDziedziny, OpisDziedziny, IDWydzialu)
  VALUES ('POL', 'Politologia', 4);
INSERT INTO Dziedziny
  (IDDziedziny, OpisDziedziny, IDWydzialu)
  VALUES ('PSY', 'Psychologia', 4);
 
INSERT INTO Budynki
  (KodBudynku, NazwaBudynku, LiczbaKondygnacji, Winda, 
   Parking)
  VALUES ('LAB', 'Laboratoria', 3, 1, 1);
INSERT INTO Budynki
  (KodBudynku, NazwaBudynku, LiczbaKondygnacji, Winda, 
   Parking)
  VALUES ('BG', 'Budynek główny', 3, 1, 0);
INSERT INTO Budynki
  (KodBudynku, NazwaBudynku, LiczbaKondygnacji, Winda, 
   Parking)
  VALUES ('SP', 'Kompleks sportowy', 1, 0, 1);
INSERT INTO Budynki
  (KodBudynku, NazwaBudynku, LiczbaKondygnacji, Winda, 
   Parking)
  VALUES ('CD', 'Centrum dydaktyczne', 3, 1, 1);
INSERT INTO Budynki
  (KodBudynku, NazwaBudynku, LiczbaKondygnacji, Winda, 
   Parking)
  VALUES ('BIB', 'Biblioteka', 2, 1, 1);
INSERT INTO Budynki
  (KodBudynku, NazwaBudynku, LiczbaKondygnacji, Winda, 
   Parking)
  VALUES ('INZ', 'Inżynieria', 2, 1, 1);
 
INSERT INTO Sale
  (IDSali, KodBudynku, DostTelefonu, LiczbaMiejsc)
  VALUES (1131, 'BIB', 1, 30);
INSERT INTO Sale
  (IDSali, KodBudynku, DostTelefonu, LiczbaMiejsc)
  VALUES (1142, 'BIB', 0, 60);
INSERT INTO Sale
  (IDSali, KodBudynku, DostTelefonu, LiczbaMiejsc)
  VALUES (1231, 'BIB', 1, 20);
INSERT INTO Sale
  (IDSali, KodBudynku, DostTelefonu, LiczbaMiejsc)
  VALUES (1514, 'LAB', 1, 20);
INSERT INTO Sale
  (IDSali, KodBudynku, DostTelefonu, LiczbaMiejsc)
  VALUES (1515, 'LAB', 1, 25);
INSERT INTO Sale
  (IDSali, KodBudynku, DostTelefonu, LiczbaMiejsc)
  VALUES (1519, 'LAB', 0, 40);
INSERT INTO Sale
  (IDSali, KodBudynku, DostTelefonu, LiczbaMiejsc)
  VALUES (1525, 'LAB', 1, 15);
INSERT INTO Sale
  (IDSali, KodBudynku, DostTelefonu, LiczbaMiejsc)
  VALUES (1530, 'LAB', 1, 25);
INSERT INTO Sale
  (IDSali, KodBudynku, DostTelefonu, LiczbaMiejsc)
  VALUES (1532, 'LAB', 0, 50);
INSERT INTO Sale
  (IDSali, KodBudynku, DostTelefonu, LiczbaMiejsc)
  VALUES (1619, 'LAB', 0, 40);
INSERT INTO Sale
  (IDSali, KodBudynku, DostTelefonu, LiczbaMiejsc)
  VALUES (1622, 'LAB', 1, 20);
INSERT INTO Sale
  (IDSali, KodBudynku, DostTelefonu, LiczbaMiejsc)
  VALUES (1624, 'LAB', 0, 60);
INSERT INTO Sale
  (IDSali, KodBudynku, DostTelefonu, LiczbaMiejsc)
  VALUES (1627, 'LAB', 0, 75);
INSERT INTO Sale
  (IDSali, KodBudynku, DostTelefonu, LiczbaMiejsc)
  VALUES (1639, 'INZ', 1, 15);
INSERT INTO Sale
  (IDSali, KodBudynku, DostTelefonu, LiczbaMiejsc)
  VALUES (1640, 'INZ', 0, 50);
INSERT INTO Sale
  (IDSali, KodBudynku, DostTelefonu, LiczbaMiejsc)
  VALUES (1641, 'INZ', 0, 60);
INSERT INTO Sale
  (IDSali, KodBudynku, DostTelefonu, LiczbaMiejsc)
  VALUES (1642, 'INZ', 0, 35);
INSERT INTO Sale
  (IDSali, KodBudynku, DostTelefonu, LiczbaMiejsc)
  VALUES (2357, 'BG', 1, 15);
INSERT INTO Sale
  (IDSali, KodBudynku, DostTelefonu, LiczbaMiejsc)
  VALUES (2408, 'CD', 0, 110);
INSERT INTO Sale
  (IDSali, KodBudynku, DostTelefonu, LiczbaMiejsc)
  VALUES (2423, 'CD', 0, 90);
INSERT INTO Sale
  (IDSali, KodBudynku, DostTelefonu, LiczbaMiejsc)
  VALUES (3305, 'CD', 1, 25);
INSERT INTO Sale
  (IDSali, KodBudynku, DostTelefonu, LiczbaMiejsc)
  VALUES (3307, 'CD', 0, 60);
INSERT INTO Sale
  (IDSali, KodBudynku, DostTelefonu, LiczbaMiejsc)
  VALUES (3309, 'CD', 0, 70);
INSERT INTO Sale
  (IDSali, KodBudynku, DostTelefonu, LiczbaMiejsc)
  VALUES (3313, 'CD', 0, 50);
INSERT INTO Sale
  (IDSali, KodBudynku, DostTelefonu, LiczbaMiejsc)
  VALUES (3315, 'CD', 0, 45);
INSERT INTO Sale
  (IDSali, KodBudynku, DostTelefonu, LiczbaMiejsc)
  VALUES (3317, 'CD', 1, 18);
INSERT INTO Sale
  (IDSali, KodBudynku, DostTelefonu, LiczbaMiejsc)
  VALUES (3319, 'CD', 0, 40);
INSERT INTO Sale
  (IDSali, KodBudynku, DostTelefonu, LiczbaMiejsc)
  VALUES (3322, 'CD', 0, 55);
INSERT INTO Sale
  (IDSali, KodBudynku, DostTelefonu, LiczbaMiejsc)
  VALUES (3330, 'CD', 1, 25);
INSERT INTO Sale
  (IDSali, KodBudynku, DostTelefonu, LiczbaMiejsc)
  VALUES (3343, 'BG', 0, 120);
INSERT INTO Sale
  (IDSali, KodBudynku, DostTelefonu, LiczbaMiejsc)
  VALUES (3345, 'BG', 0, 90);
INSERT INTO Sale
  (IDSali, KodBudynku, DostTelefonu, LiczbaMiejsc)
  VALUES (3346, 'BG', 1, 20);
INSERT INTO Sale
  (IDSali, KodBudynku, DostTelefonu, LiczbaMiejsc)
  VALUES (3352, 'BG', 1, 30);
INSERT INTO Sale
  (IDSali, KodBudynku, DostTelefonu, LiczbaMiejsc)
  VALUES (3353, 'BG', 0, 75);
INSERT INTO Sale
  (IDSali, KodBudynku, DostTelefonu, LiczbaMiejsc)
  VALUES (3355, 'BG', 0, 50);
INSERT INTO Sale
  (IDSali, KodBudynku, DostTelefonu, LiczbaMiejsc)
  VALUES (3404, 'CD', 0, 65);
INSERT INTO Sale
  (IDSali, KodBudynku, DostTelefonu, LiczbaMiejsc)
  VALUES (3406, 'CD', 1, 20);
INSERT INTO Sale
  (IDSali, KodBudynku, DostTelefonu, LiczbaMiejsc)
  VALUES (3409, 'CD', 1, 20);
INSERT INTO Sale
  (IDSali, KodBudynku, DostTelefonu, LiczbaMiejsc)
  VALUES (3415, 'CD', 1, 15);
INSERT INTO Sale
  (IDSali, KodBudynku, DostTelefonu, LiczbaMiejsc)
  VALUES (3420, 'CD', 0, 70);
INSERT INTO Sale
  (IDSali, KodBudynku, DostTelefonu, LiczbaMiejsc)
  VALUES (3422, 'CD', 1, 25);
INSERT INTO Sale
  (IDSali, KodBudynku, DostTelefonu, LiczbaMiejsc)
  VALUES (3431, 'CD', 0, 65);
INSERT INTO Sale
  (IDSali, KodBudynku, DostTelefonu, LiczbaMiejsc)
  VALUES (3443, 'BG', 0, 100);
INSERT INTO Sale
  (IDSali, KodBudynku, DostTelefonu, LiczbaMiejsc)
  VALUES (3445, 'BG', 1, 25);
INSERT INTO Sale
  (IDSali, KodBudynku, DostTelefonu, LiczbaMiejsc)
  VALUES (3446, 'BG', 0, 70);
INSERT INTO Sale
  (IDSali, KodBudynku, DostTelefonu, LiczbaMiejsc)
  VALUES (3452, 'BG', 0, 80);
INSERT INTO Sale
  (IDSali, KodBudynku, DostTelefonu, LiczbaMiejsc)
  VALUES (3455, 'BG', 1, 30);
 
INSERT INTO Przedmioty
  (IDPrzedmiotu, IDDziedziny, KodPrzedmiotu, NazwaPrzedmiotu, 
   Wymagania, OpisPrzedmiotu, SzacWielkoscGrupy)
  VALUES (1, 'KSI', 'KSI 210', 'Podstawy księgowości I', 
   NULL, 'Wprowadzenie do podstawowych pojęć rachunkowości, zasad i procedur księgowania transakcji biznesowych oraz opracowywania raportów księgowych. Obejmuje elementy obsługi arkusza kalkulacyjnego Excel..', 
   100);
INSERT INTO Przedmioty
  (IDPrzedmiotu, IDDziedziny, KodPrzedmiotu, NazwaPrzedmiotu, 
   Wymagania, OpisPrzedmiotu, SzacWielkoscGrupy)
  VALUES (6, 'BIZ', 'BIZ 101', 'Podstawy prowadzenia biznesu', 
   NULL, 'Przegląd praktyk biznesowych. Obejmuje terminologię biznesową, formy własności przedsiębiorstw, franchising, prowadzenie małych i międzynarodowych firm, kwestie przywództwa i zarządzania, zasady marketingu, finansowania i inwestowania oraz omówienie warunków prowadzenia działalności gospodarczej.', 
   80);
INSERT INTO Przedmioty
  (IDPrzedmiotu, IDDziedziny, KodPrzedmiotu, NazwaPrzedmiotu, 
   Wymagania, OpisPrzedmiotu, SzacWielkoscGrupy)
  VALUES (7, 'BIZ', 'BIZ 155', 'Opracowywanie planu wykonalności', 
   NULL, 'Opracowywanie planu wykonalności pod nadzorem prowadzącego. Plan ten ma być szkicem lub wstępem do szerszego planu biznesowego. Uczestnik musi być jednocześnie zapisany na kurs BIZ 151.', 
   15);
INSERT INTO Przedmioty
  (IDPrzedmiotu, IDDziedziny, KodPrzedmiotu, NazwaPrzedmiotu, 
   Wymagania, OpisPrzedmiotu, SzacWielkoscGrupy)
  VALUES (8, 'BIZ', 'BIZ 151', 'Wstęp do przedsiębiorczości', 
   NULL, 'Analiza procesu uruchamiania przedsięwzięcia, badanie rynku i omówienie skutecznych strategii biznesowych. Strategie wyboru produktu, sprzedaży i marketingu. Źródła informacji i wsparcia. Uczestnik musi być jednocześnie zapisany na kurs BIZ 155.', 
   15);
INSERT INTO Przedmioty
  (IDPrzedmiotu, IDDziedziny, KodPrzedmiotu, NazwaPrzedmiotu, 
   Wymagania, OpisPrzedmiotu, SzacWielkoscGrupy)
  VALUES (9, 'BIZ', 'BIZ 170', 'Informatyka w biznesie I', 
   NULL, 'Obsługa programu Word dla Windows. Formatowanie dokumentów, skróty klawiaturowe oraz zastosowanie klawiatury numerycznej. Główny nacisk położono na przygotowywanie korespondencji, notatek, raportów i tabel. Zawiera podstawy obsługi arkusza Excel.', 
   50);
INSERT INTO Przedmioty
  (IDPrzedmiotu, IDDziedziny, KodPrzedmiotu, NazwaPrzedmiotu, 
   Wymagania, OpisPrzedmiotu, SzacWielkoscGrupy)
  VALUES (11, 'SZT', 'SZT 100', 'Wstęp do sztuki', 
   NULL, 'Tło historyczne i podstawy projektowania, które wpłynęły na rozwój sztuki. Obejmuje prezentacje z użyciem slajdów, wykłady i przykłady praktycznych zastosowań w studiu.', 
   40);
INSERT INTO Przedmioty
  (IDPrzedmiotu, IDDziedziny, KodPrzedmiotu, NazwaPrzedmiotu, 
   Wymagania, OpisPrzedmiotu, SzacWielkoscGrupy)
  VALUES (12, 'SZT', 'SZT 101', 'Podstawy kompozycji', NULL, 'Rozważania nad podstawami sztuki dwuwymiarowej, z uwzględnieniem problematyki dotyczącej linii, przestrzeni, faktur, kształtów oraz teorii barw. Obejmuje praktyczne zastosowanie tych teorii.', 
   12);
INSERT INTO Przedmioty
  (IDPrzedmiotu, IDDziedziny, KodPrzedmiotu, NazwaPrzedmiotu, 
   Wymagania, OpisPrzedmiotu, SzacWielkoscGrupy)
  VALUES (13, 'SZT', 'SZT 111', 'Rysunek', NULL, 'Studium linii, odcieni, przestrzeni, perspektywy oraz kompozycji na podstawie szkiców węglem, ołówkiem, piórem i pędzlem.', 
   12);
INSERT INTO Przedmioty
  (IDPrzedmiotu, IDDziedziny, KodPrzedmiotu, NazwaPrzedmiotu, 
   Wymagania, OpisPrzedmiotu, SzacWielkoscGrupy)
  VALUES (14, 'SZT', 'SZT 201', 'Malarstwo', NULL, 'Podstawy malarstwa olejnego na przykładzie martwej natury. Główny nacisk jest położony na podstawy, takie jak kompozycje, studium odcieni, mieszanie kolorów, przygotowanie podkładu oraz różne style i techniki. Brak wymagań wstępnych, zalecane jest jednak pewne doświadczenie w rysunku.', 
   15);
INSERT INTO Przedmioty
  (IDPrzedmiotu, IDDziedziny, KodPrzedmiotu, NazwaPrzedmiotu, 
   Wymagania, OpisPrzedmiotu, SzacWielkoscGrupy)
  VALUES (15, 'SZT', 'SZT 210', 'Sztuka komputerowa', NULL, 
   'Eksploracja elementów takich jak linie, odcienie, przestrzeń, kompozycja oraz kolor przy użyciu komputera. Uczniowie będą mieli za zadanie tworzyć prace za pomocą komputera.', 
   18);
INSERT INTO Przedmioty
  (IDPrzedmiotu, IDDziedziny, KodPrzedmiotu, NazwaPrzedmiotu, 
   Wymagania, OpisPrzedmiotu, SzacWielkoscGrupy)
  VALUES (16, 'SZT', 'SZT 251', 'Historia sztuki', NULL, 
   'Omówienie głównych form ekspresji wizualnej na przestrzeni epok: paleolitu, starożytnego Egiptu, Mezopotamii, Grecji, Rzymu oraz z okresu początków chrześcijaństwa. Obejmuje studium malarstwa, rzeźby i architektury na podstawie wykładów, slajdów i dostarczonych materiałów.', 
   75);
INSERT INTO Przedmioty
  (IDPrzedmiotu, IDDziedziny, KodPrzedmiotu, NazwaPrzedmiotu, 
   Wymagania, OpisPrzedmiotu, SzacWielkoscGrupy)
  VALUES (17, 'BIO', 'BIO 100', 'Wstęp do biologii', 
   NULL, 'Wprowadzające laboratorium z biologii dla kierunków humanistycznych. Obejmuje między innymi zachowanie harmonii pomiędzy człowiekiem i jego środowiskiem, żywienie, genetykę i dziedziczenie,  podstawy ekologii, omówienie różnorodności świata roślin i zwierząt oraz podstawy teorii ewolucji.', 
   60);
INSERT INTO Przedmioty
  (IDPrzedmiotu, IDDziedziny, KodPrzedmiotu, NazwaPrzedmiotu, 
   Wymagania, OpisPrzedmiotu, SzacWielkoscGrupy)
  VALUES (18, 'BIO', 'BIO 101', 'Biologia ogólna', 
   NULL, 'Podstawowe koncepcje biologiczne, ze szczególnym uwzględnieniem procesów komórkowych, różnorodności świata roślin i zwierząt, morfologii, reprodukcji, filogenezy organizmów żywych oraz podstaw genetyki molekularnej.', 
   50);
INSERT INTO Przedmioty
  (IDPrzedmiotu, IDDziedziny, KodPrzedmiotu, NazwaPrzedmiotu, 
   Wymagania, OpisPrzedmiotu, SzacWielkoscGrupy)
  VALUES (19, 'BIO', 'BIO 280', 'Mikrobiologia', NULL, 
   'Wprowadzenie do mikroorganizmów, w tym struktury i funkcji komórek drobnoustrojów, metabolizmu i genetyki drobnoustrojów. Rola mikroorganizmów w chorobie, odporności i innych wybranych aspektach.', 
   25);
INSERT INTO Przedmioty
  (IDPrzedmiotu, IDDziedziny, KodPrzedmiotu, NazwaPrzedmiotu, 
   Wymagania, OpisPrzedmiotu, SzacWielkoscGrupy)
  VALUES (20, 'CHE', 'CHE 101', 'Chemia', NULL, 
   'Chemia ogólna dla kierunków humanistycznych. Ukończenie kursu CHE 101 spełnia wymagania wstępne większości kierunków studiów medycznych.', 
   30);
INSERT INTO Przedmioty
  (IDPrzedmiotu, IDDziedziny, KodPrzedmiotu, NazwaPrzedmiotu, 
   Wymagania, OpisPrzedmiotu, SzacWielkoscGrupy)
  VALUES (21, 'CHE', 'CHE 139', 'Podstawy chemii', 
   NULL, 'Zajęcia przygotowawcze do głównych kursów z chemii dla studentów bez wcześniejszego doświadczenia w tej dziedzinie. Kurs ten obejmuje aspekty matematyki w chemii, podstawy struktury atomowej, wiązań chemicznych, bilansowania oraz równań chemicznych, z uwzględnieniem pojęcia mola i stechiometrii.', 
   100);
INSERT INTO Przedmioty
  (IDPrzedmiotu, IDDziedziny, KodPrzedmiotu, NazwaPrzedmiotu, 
   Wymagania, OpisPrzedmiotu, SzacWielkoscGrupy)
  VALUES (22, 'CHE', 'CHE 231', 'Chemia organiczna', 
   NULL, 'Struktura, nazewnictwo, reakcje i synteza głównych typów związków organicznych.', 
   40);
INSERT INTO Przedmioty
  (IDPrzedmiotu, IDDziedziny, KodPrzedmiotu, NazwaPrzedmiotu, 
   Wymagania, OpisPrzedmiotu, SzacWielkoscGrupy)
  VALUES (23, 'KOM', 'KOM 101', 'Obsługa komputera', 
   NULL, 'Kurs o charakterze praktycznym. Uczestnicy będą uczyć się, jak korzystać z edytora tekstu, arkusza kalkulacyjnego i aplikacji bazodanowych. Obejmuje także pewne ogólne działania w ramach systemu operacyjnego, takie jak usuwanie plików, zmienianie nazw plików, tworzenie struktur katalogów oraz nawigacja w ich obrębie.', 
   20);
INSERT INTO Przedmioty
  (IDPrzedmiotu, IDDziedziny, KodPrzedmiotu, NazwaPrzedmiotu, 
   Wymagania, OpisPrzedmiotu, SzacWielkoscGrupy)
  VALUES (24, 'KOM', 'KOM 102', 'Podstawy systemów informatycznych', 
   NULL, 'Obszerne wprowadzenie do komputerów i systemów informatycznych. Obejmuje informacje na temat sprzętu, oprogramowania, organizacji danych oraz ich wymiany, a także rozwoju systemów. Kurs porusza także kwestię zmieniającej się roli komputerów w społeczeństwie.', 
   80);
INSERT INTO Przedmioty
  (IDPrzedmiotu, IDDziedziny, KodPrzedmiotu, NazwaPrzedmiotu, 
   Wymagania, OpisPrzedmiotu, SzacWielkoscGrupy)
  VALUES (25, 'KOM', 'KOM 114', 'Programowanie strukturalne', 
   NULL, 'Obejmuje projektowanie, tworzenie dokumentacji oraz pisanie programów z użyciem metodologii top-down i zasady programowania strukturalnego. Wprowadzenie do systemów obsługujących wielu użytkowników, edytorów tekstu, kwestii dostępu do danych oraz technik składowania danych.', 
   25);
INSERT INTO Przedmioty
  (IDPrzedmiotu, IDDziedziny, KodPrzedmiotu, NazwaPrzedmiotu, 
   Wymagania, OpisPrzedmiotu, SzacWielkoscGrupy)
  VALUES (26, 'KOM', 'KOM 236', 'Zarządzanie bazami danych', 
   NULL, 'Pojęcia dotyczące baz danych, techniki zarządzania danymi, omówienie środowisk bazy danych, relacje między rekordami oraz zalety i ograniczenia baz danych. Obejmuje elementy modelowania danych i projektowania baz.', 
   20);
INSERT INTO Przedmioty
  (IDPrzedmiotu, IDDziedziny, KodPrzedmiotu, NazwaPrzedmiotu, 
   Wymagania, OpisPrzedmiotu, SzacWielkoscGrupy)
  VALUES (27, 'INF', 'INF 110', 'Programowanie w języku BASIC', 
   NULL, 'Programowanie komputerowe i projektowanie programów za pomocą języka Visual Basic. Główny nacisk został położony na projektowanie programów i rozwój algorytmów w kontekście aplikacji matematycznych i naukowych.', 
   20);
INSERT INTO Przedmioty
  (IDPrzedmiotu, IDDziedziny, KodPrzedmiotu, NazwaPrzedmiotu, 
   Wymagania, OpisPrzedmiotu, SzacWielkoscGrupy)
  VALUES (28, 'INF', 'KOM 142', 'Programowanie w języku C', 
   NULL, 'Wstęp do programowania w języku C. Projektowanie, algorytmy, abstrakcja i analiza.', 
   25);
INSERT INTO Przedmioty
  (IDPrzedmiotu, IDDziedziny, KodPrzedmiotu, NazwaPrzedmiotu, 
   Wymagania, OpisPrzedmiotu, SzacWielkoscGrupy)
  VALUES (29, 'DZI', 'DZI 104', 'Dziennikarstwo akademickie', 
   NULL, 'Praktyczny kurs dziennikarstwa studenckiego. Obejmuje podstawy pisania reportaży i sztukę pisania, z praktycznymi elementami w formie publikacji w gazetce uczelnianej oraz inne zadania.', 
   20);
INSERT INTO Przedmioty
  (IDPrzedmiotu, IDDziedziny, KodPrzedmiotu, NazwaPrzedmiotu, 
   Wymagania, OpisPrzedmiotu, SzacWielkoscGrupy)
  VALUES (30, 'EKO', 'EKO 100', 'Przegląd zagadnień ekonomicznych', 
   NULL, 'Ekonomia widziana przez pryzmat współczesnych problemów społecznych i globalnych. Wprowadzenie do zasad ekonomii, z uwzględnieniem zagadnień takich jak dobrobyt społeczeństwa, zachowanie rynku, nierówności materialne, rola rządu i fluktuacje gospodarcze.', 
   70);
INSERT INTO Przedmioty
  (IDPrzedmiotu, IDDziedziny, KodPrzedmiotu, NazwaPrzedmiotu, 
   Wymagania, OpisPrzedmiotu, SzacWielkoscGrupy)
  VALUES (32, 'EKO', 'EKO 201', 'Podstawy ekonomii: makroekonomia', 
   NULL, 'Analiza gospodarki: PKB, inflacja, cykle koniunkturalne, handel i finanse. Wymagane ukończenie kursu z algebry na poziomie średnio zaawansowanym lub odpowiednika.', 
   35);
INSERT INTO Przedmioty
  (IDPrzedmiotu, IDDziedziny, KodPrzedmiotu, NazwaPrzedmiotu, 
   Wymagania, OpisPrzedmiotu, SzacWielkoscGrupy)
  VALUES (33, 'MUZ', 'MUZ 100', 'Muzyka w kulturze Zachodu', 
   NULL, 'Wstęp do muzyki. Omówienie muzyki z perspektywy globalnej, ze szczególnym uwzględnieniem muzyki cywilizacji Zachodu. Wiele muzycznych przykładów, odsłuchy i filmy poświęcone wielkim muzykom przeszłości.', 
   40);
INSERT INTO Przedmioty
  (IDPrzedmiotu, IDDziedziny, KodPrzedmiotu, NazwaPrzedmiotu, 
   Wymagania, OpisPrzedmiotu, SzacWielkoscGrupy)
  VALUES (34, 'MUZ', 'MUZ 101', 'Podstawy teoretyczne i trening słuchu', 
   NULL, 'Podstawy muzyki - notacja, wagi, interwały, i triady. Czytanie nut – rytmika i melodia. Omówienie muzyki w różnych epokach historycznych.', 
   15);
INSERT INTO Przedmioty
  (IDPrzedmiotu, IDDziedziny, KodPrzedmiotu, NazwaPrzedmiotu, 
   Wymagania, OpisPrzedmiotu, SzacWielkoscGrupy)
  VALUES (36, 'MUZ', 'MUZ 204', 'Historia jazzu', 
   NULL, 'Omówienie korzeni jazzu w Ameryce, począwszy od Nowego Orleanu, przez Nowy Jork, Chicago, Kansas, epokę big bandów i be-bop, do jazzu nowoczesnego. Zajęcia przewidują wykorzystanie multimediów, nagrań i koncertów na żywo.', 
   30);
INSERT INTO Przedmioty
  (IDPrzedmiotu, IDDziedziny, KodPrzedmiotu, NazwaPrzedmiotu, 
   Wymagania, OpisPrzedmiotu, SzacWielkoscGrupy)
  VALUES (37, 'ANG', 'ANG 101', 'Pisarstwo - podstawy', 
   NULL, 'Omówienie warsztatu pisarskiego z uwzględnieniem jego różnych aspektów: gromadzenia źródeł, szkicowania, określania docelowej grupy czytelniczej, redagowania, weryfikowania, dopracowywania tekstu i korekty. Zadania pisarskie obejmują przede wszystkim najważniejsze aspekty prozy – narrację, opis i ekspozycję.', 
   60);
INSERT INTO Przedmioty
  (IDPrzedmiotu, IDDziedziny, KodPrzedmiotu, NazwaPrzedmiotu, 
   Wymagania, OpisPrzedmiotu, SzacWielkoscGrupy)
  VALUES (39, 'ANG', 'ANG 104', 'Zaawansowana gramatyka angielska', 
   NULL, 'Analiza gramatyki i retoryki zdania w języku angielskim. Zajęcia nie są pomyślane jako repetytorium.', 
   20);
INSERT INTO Przedmioty
  (IDPrzedmiotu, IDDziedziny, KodPrzedmiotu, NazwaPrzedmiotu, 
   Wymagania, OpisPrzedmiotu, SzacWielkoscGrupy)
  VALUES (40, 'GEO', 'GEO 100', 'Wstęp do geografii', 
   NULL, 'Wstęp do głównych kultur świata (żydowskiej, chrześcijańskiej, islamskiej, hinduskiej i buddyjskiej), ich początków, wartości, bohaterów, rytuałów, świętych pism oraz wpływów międzykulturowych.', 
   70);
INSERT INTO Przedmioty
  (IDPrzedmiotu, IDDziedziny, KodPrzedmiotu, NazwaPrzedmiotu, 
   Wymagania, OpisPrzedmiotu, SzacWielkoscGrupy)
  VALUES (41, 'GEO', 'GEO 205', 'Geografia w ujęciu geologicznym', 
   NULL, 'Analiza budowy Ziemi, jej składników oraz tektoniki płyt, ze szczególnym uwzględnieniem północno-zachodniego Pacyfiku. Obejmuje zajęcia laboratoryjne i pracę w terenie.', 
   20);
INSERT INTO Przedmioty
  (IDPrzedmiotu, IDDziedziny, KodPrzedmiotu, NazwaPrzedmiotu, 
   Wymagania, OpisPrzedmiotu, SzacWielkoscGrupy)
  VALUES (42, 'HIS', 'HIS 101', 'Historia świata do roku 1500', 
   NULL, 'Historyczne fundamenty i rozwój wielkich cywilizacji od czasów prehistorycznych do renesansu, z naciskiem na aspekty społeczne, polityczne, gospodarcze i geograficzne. Rozważania na temat historii jako intelektualnej i akademickiej dziedziny wiedzy.', 
   60);
INSERT INTO Przedmioty
  (IDPrzedmiotu, IDDziedziny, KodPrzedmiotu, NazwaPrzedmiotu, 
   Wymagania, OpisPrzedmiotu, SzacWielkoscGrupy)
  VALUES (43, 'HIS', 'HIS 111', 'Historia Stanów Zjednoczonych do roku 1877', 
   NULL, 'Historia Ameryki z okresu kolonialnego aż do czasu odbudowy. Wiele uwagi poświęcono rewolucji amerykańskiej, okresu tworzenia wspólnej państwowości, niewolnictwu, ekspansji terytorialnej, wojnie secesyjnej i tzw. Rekonstrukcji.', 
   60);
INSERT INTO Przedmioty
  (IDPrzedmiotu, IDDziedziny, KodPrzedmiotu, NazwaPrzedmiotu, 
   Wymagania, OpisPrzedmiotu, SzacWielkoscGrupy)
  VALUES (44, 'HIS', 'HIS 112', 'Historia Stanów Zjednoczonych po roku 1865', 
   NULL, 'Obejmuje okres Rekonstrukcji, industrializację, urbanizację, ekspansję na zachód, ruchy reformatorskie, protesty rolników, okres prosperity, Wielki Kryzys w 1920 roku oraz New Deal, II WŚ, konserwatywizm lat 50-tych, liberalizm lat 60-tych i 70-tych i historię najnowszą.', 
   60);
INSERT INTO Przedmioty
  (IDPrzedmiotu, IDDziedziny, KodPrzedmiotu, NazwaPrzedmiotu, 
   Wymagania, OpisPrzedmiotu, SzacWielkoscGrupy)
  VALUES (45, 'MAT', 'MAT 080', 'Fundamenty matematyki', 
   NULL, 'Zajęcia indywidualne z arytmetyki, algebry (kurs I i II), geometrii i algebry wyższego poziomu.', 
   80);
INSERT INTO Przedmioty
  (IDPrzedmiotu, IDDziedziny, KodPrzedmiotu, NazwaPrzedmiotu, 
   Wymagania, OpisPrzedmiotu, SzacWielkoscGrupy)
  VALUES (46, 'MAT', 'MAT 097', 'Podstawy algebry', 
   NULL, 'Podstawowy kurs algebry obejmuje dziedziny liczb dodatnich i ujemnych, równania liniowe, nierówności liniowe, rozkład wielomianów na czynniki i operacje na wielomianach.', 
   25);
INSERT INTO Przedmioty
  (IDPrzedmiotu, IDDziedziny, KodPrzedmiotu, NazwaPrzedmiotu, 
   Wymagania, OpisPrzedmiotu, SzacWielkoscGrupy)
  VALUES (47, 'MAT', 'MAT 098', 'Algebra', 
   NULL, 'Teoria zbiorów i liczby rzeczywiste, wyrażenia wielomianowe i wymierne, potęgowanie, pierwiastkowanie, równania pierwszego i drugiego stopnia, układy równań liniowych i wykresy.', 
   20);
INSERT INTO Przedmioty
  (IDPrzedmiotu, IDDziedziny, KodPrzedmiotu, NazwaPrzedmiotu, 
   Wymagania, OpisPrzedmiotu, SzacWielkoscGrupy)
  VALUES (48, 'MAT', 'MAT 103', 'Geometria i wizualizacja', 
   NULL, 'Podstawowe pojęcia geometrii wykreślnej płaskiej, ze szczególnym naciskiem na rozwiązywanie zadań. Trygonometria trójkąta prostokątnego. Wprowadzenie do geometrii 3D / myślenia przestrzennego. Kurs przeznaczony dla studentów bez zaawansowanej wiedzy z zakresu geometrii, planujących pracę w nauce lub inżynierii.', 
   25);
INSERT INTO Przedmioty
  (IDPrzedmiotu, IDDziedziny, KodPrzedmiotu, NazwaPrzedmiotu, 
   Wymagania, OpisPrzedmiotu, SzacWielkoscGrupy)
  VALUES (49, 'MAT', 'MAT 104', 'Trygonometria', NULL, 
   'Podstawy geometrii płaskiej, trygonometria, obliczanie kątów, równania, zadania i inne, wybrane zagadnienia.', 
   20);
INSERT INTO Przedmioty
  (IDPrzedmiotu, IDDziedziny, KodPrzedmiotu, NazwaPrzedmiotu, 
   Wymagania, OpisPrzedmiotu, SzacWielkoscGrupy)
  VALUES (50, 'FIZ', 'FIZ 100', 'Przegląd zagadnień fizycznych', 
   NULL, 'Podstawowe prawa fizyki od praw ruchu do fizyki jądrowej. Rozważania na temat źródeł podstawowych pojęć fizycznych oraz ich wpływu na społeczeństwo.', 
   80);
INSERT INTO Przedmioty
  (IDPrzedmiotu, IDDziedziny, KodPrzedmiotu, NazwaPrzedmiotu, 
   Wymagania, OpisPrzedmiotu, SzacWielkoscGrupy)
  VALUES (51, 'FIZ', 'FIZ 101', 'Fizyka ogólna', 
   NULL, 'Mechanika klasyczna: kinematyka i dynamika. Obejmuje omówienie zagadnień takich jak siła, praca, energia, pęd oraz zasady zachowania energii.', 
   40);
INSERT INTO Przedmioty
  (IDPrzedmiotu, IDDziedziny, KodPrzedmiotu, NazwaPrzedmiotu, 
   Wymagania, OpisPrzedmiotu, SzacWielkoscGrupy)
  VALUES (52, 'FIZ', 'FIZ 201', 'Fizyka inżynieryjna I', 
   NULL, 'Rozwinięcie podstawowych praw mechaniki klasycznej. Rachunek różniczkowy jako narzędzie do rozwiązywania zadań z kinematyki; prawa Newtona, teoria praca – moc – energia, zasady zachowania energii.', 
   20);
INSERT INTO Przedmioty
  (IDPrzedmiotu, IDDziedziny, KodPrzedmiotu, NazwaPrzedmiotu, 
   Wymagania, OpisPrzedmiotu, SzacWielkoscGrupy)
  VALUES (54, 'POL', 'POL 101', 'Wstęp do politologii', 
   NULL, 'Wprowadzenie do teorii rządzenia, organizacji rządu, polityki i administracji. Obejmuje elementy politologii, studium porównawcze ustrojów i omówienie zadań administracji publicznej. Partie polityczne, wybory i stosunki międzynarodowe.', 
   90);
INSERT INTO Przedmioty
  (IDPrzedmiotu, IDDziedziny, KodPrzedmiotu, NazwaPrzedmiotu, 
   Wymagania, OpisPrzedmiotu, SzacWielkoscGrupy)
  VALUES (55, 'POL', 'POL 102', 'Historia rządu Stanów Zjednoczonych', 
   NULL, 'Początki i rozwój rządu USA. Struktura i zadania Kongresu, prezydenta i sądów, kwestia swobód obywatelskich, politycznych, ideologie, partie polityczne.', 
   50);
INSERT INTO Przedmioty
  (IDPrzedmiotu, IDDziedziny, KodPrzedmiotu, NazwaPrzedmiotu, 
   Wymagania, OpisPrzedmiotu, SzacWielkoscGrupy)
  VALUES (56, 'POL', 'POL 213', 'Kobiety w polityce', 
   NULL, 'Koncepcja władzy w relacji do udziału kobiet w polityce. Teoretyczne, historyczne i empiryczne rozważania na temat udziału kobiet w ruchach społecznych i politycznych w Stanach Zjednoczonych i na świecie. Analiza różnorodności ról kobiecych w rodzinie, ekonomii, pracy, rządzie i stanowieniu prawa.', 
   30);
INSERT INTO Przedmioty
  (IDPrzedmiotu, IDDziedziny, KodPrzedmiotu, NazwaPrzedmiotu, 
   Wymagania, OpisPrzedmiotu, SzacWielkoscGrupy)
  VALUES (2, 'KSI', 'KSI 220', 'Podstawy księgowości II', 
   'KSI 210', 'Zastosowania podstawowych koncepcji, zasad i procedur rachunkowości w bardziej złożonych sytuacjach biznesowych oraz przy różnych formach własności przedsiębiorstw. Obejmuje elementy obsługi komputera. Wymagania wstępne: KSI 210 lub zezwolenie wykładowcy.', 
   60);
INSERT INTO Przedmioty
  (IDPrzedmiotu, IDDziedziny, KodPrzedmiotu, NazwaPrzedmiotu, 
   Wymagania, OpisPrzedmiotu, SzacWielkoscGrupy)
  VALUES (3, 'KSI', 'KSI 230', 'Księgowość w zarządzaniu', 
   'KSI 220', 'Analiza danych księgowych w ramach procesu planowania, podejmowania decyzji i kontroli. Główny nacisk położono na podejmowania decyzji ekonomicznych w przedsiębiorstwach. Obejmuje elementy obsługi komputera. Wymagania wstępne: KSI 220 lub zezwolenie wykładowcy.', 
   20);
INSERT INTO Przedmioty
  (IDPrzedmiotu, IDDziedziny, KodPrzedmiotu, NazwaPrzedmiotu, 
   Wymagania, OpisPrzedmiotu, SzacWielkoscGrupy)
  VALUES (4, 'KSI', 'KSI 251', 'Księgowość dla średnio zaawansowanych', 
   'KSI 220', 'Dogłębna analiza zasad rachunkowości finansowej. Główny nacisk położono na ramy koncepcyjne rachunkowości, rozliczania przychodów i kosztów, amortyzacji, itp. Wymagania wstępne: KSI 220 lub zezwolenie wykładowcy.', 
   30);
INSERT INTO Przedmioty
  (IDPrzedmiotu, IDDziedziny, KodPrzedmiotu, NazwaPrzedmiotu, 
   Wymagania, OpisPrzedmiotu, SzacWielkoscGrupy)
  VALUES (5, 'KSI', 'KSI 257', 'Księgowość w ujęciu biznesowym', 
   'KSI 220', 'Podstawowe zasady, praktyki i regulacje rządowe (stanowe i lokalne) mające wpływ na prowadzenie księgowości podatkowej w biznesie, w tym prowadzenie ewidencji, planowanie podatkowe oraz rejestracja i pozyskiwanie zezwolenia na prowadzenie działalności. Wymagania wstępne: KSI 220 lub zezwolenie wykładowcy.', 
   15);
INSERT INTO Przedmioty
  (IDPrzedmiotu, IDDziedziny, KodPrzedmiotu, NazwaPrzedmiotu, 
   Wymagania, OpisPrzedmiotu, SzacWielkoscGrupy)
  VALUES (10, 'BIZ', 'BIZ 171', 'Informatyka w biznesie II', 
   'BIZ 170', 'Obsługa programu Word dla średnio zaawansowanych, z uwzględnieniem formatowania oraz druku, scalania korespondencji, makr, tworzenia kolumn tekstowych, grafiki i wybór fontów. Elementy obsługi arkusza Excel oraz wstęp do programu PowerPoint do tworzenia prezentacji. Internet oraz e-mail.   Wymagania wstępne: BIZ 170 albo zgoda wykładowcy.', 
   35);
INSERT INTO Przedmioty
  (IDPrzedmiotu, IDDziedziny, KodPrzedmiotu, NazwaPrzedmiotu, 
   Wymagania, OpisPrzedmiotu, SzacWielkoscGrupy)
  VALUES (38, 'ANG', 'ANG 102', 'Pisarstwo dla średnio zaawansowanych', 
   'ANG 101', 'Kontynuacja rozważań na temat warsztatu pisarskiego, z uwzględnieniem przygotowywania tekstów w oparciu o źródła, tak jak zwykle ma to miejsce w środowisku akademickim. Lektury i zadania mogą się różnić, zależnie od wykładowcy. Wymagania wstępne: ANG 101 albo zgoda wykładowcy.', 
   35);
INSERT INTO Przedmioty
  (IDPrzedmiotu, IDDziedziny, KodPrzedmiotu, NazwaPrzedmiotu, 
   Wymagania, OpisPrzedmiotu, SzacWielkoscGrupy)
  VALUES (31, 'EKO', 'EKO 200', 'Podstawy ekonomii: mikroekonomia', 
   'MAT 098', 'Omówienie dystrybucji zasobów i podziału dochodów z uwzględnieniem ustalania cen, kosztów produkcji i struktur rynkowych. Wymagane ukończenie kursu z algebry na poziomie średnio zaawansowanym lub odpowiednika.', 
   35);
INSERT INTO Przedmioty
  (IDPrzedmiotu, IDDziedziny, KodPrzedmiotu, NazwaPrzedmiotu, 
   Wymagania, OpisPrzedmiotu, SzacWielkoscGrupy)
  VALUES (35, 'MUZ', 'MUZ 201', 'Teoria muzyki dla zaawansowanych', 
   'MUZ 101', 'Ciąg dalszy kursu MUZ 101. Harmonia, modulacja i inne, nowoczesne koncepcje muzyczne.  Wymagania wstępne: MUZ 101 albo zgoda wykładowcy.', 
   15);
INSERT INTO Przedmioty
  (IDPrzedmiotu, IDDziedziny, KodPrzedmiotu, NazwaPrzedmiotu, 
   Wymagania, OpisPrzedmiotu, SzacWielkoscGrupy)
  VALUES (53, 'FIZ', 'FIZ 203', 'Fizyka inżynieryjna II', 
   'FIZ 201', 'Fale i oscylacje. Fale mechaniczne i dźwiękowe, geometria i optyka. Wstęp do falowej natury elektronów w kontekście stanu stacjonarnego atomu wodoru. Wymagania wstępne: FIZ 201.', 
   15);
 
INSERT INTO Wykladowcy
  (IDPracownika, Tytul, Status, Etat)
  VALUES (98005, 'Instruktor', 'Pełny wymiar', 1);
INSERT INTO Wykladowcy
  (IDPracownika, Tytul, Status, Etat)
  VALUES (98007, 'Adiunkt', 'Pełny wymiar', 
   1);
INSERT INTO Wykladowcy
  (IDPracownika, Tytul, Status, Etat)
  VALUES (98010, 'Adiunkt', 'Urlop', 
   1);
INSERT INTO Wykladowcy
  (IDPracownika, Tytul, Status, Etat)
  VALUES (98011, 'Instruktor', 'Pełny wymiar', 1);
INSERT INTO Wykladowcy
  (IDPracownika, Tytul, Status, Etat)
  VALUES (98012, 'Instruktor', 'Pełny wymiar', 1);
INSERT INTO Wykladowcy
  (IDPracownika, Tytul, Status, Etat)
  VALUES (98013, 'Instruktor', 'Pełny wymiar', 1);
INSERT INTO Wykladowcy
  (IDPracownika, Tytul, Status, Etat)
  VALUES (98014, 'Profesor', 'Pełny wymiar', 1);
INSERT INTO Wykladowcy
  (IDPracownika, Tytul, Status, Etat)
  VALUES (98019, 'Instruktor', 'Pełny wymiar', 1);
INSERT INTO Wykladowcy
  (IDPracownika, Tytul, Status, Etat)
  VALUES (98020, 'Instruktor', 'Pełny wymiar', 1);
INSERT INTO Wykladowcy
  (IDPracownika, Tytul, Status, Etat)
  VALUES (98025, 'Adiunkt', 'Pełny wymiar', 
   1);
INSERT INTO Wykladowcy
  (IDPracownika, Tytul, Status, Etat)
  VALUES (98028, 'Profesor', 'Pełny wymiar', 1);
INSERT INTO Wykladowcy
  (IDPracownika, Tytul, Status, Etat)
  VALUES (98030, 'Instruktor', 'Pełny wymiar', 1);
INSERT INTO Wykladowcy
  (IDPracownika, Tytul, Status, Etat)
  VALUES (98036, 'Profesor', 'Pełny wymiar', 1);
INSERT INTO Wykladowcy
  (IDPracownika, Tytul, Status, Etat)
  VALUES (98040, 'Adiunkt', 'Pełny wymiar', 
   1);
INSERT INTO Wykladowcy
  (IDPracownika, Tytul, Status, Etat)
  VALUES (98042, 'Adiunkt', 'Pełny wymiar', 
   1);
INSERT INTO Wykladowcy
  (IDPracownika, Tytul, Status, Etat)
  VALUES (98045, 'Profesor', 'Pełny wymiar', 1);
INSERT INTO Wykladowcy
  (IDPracownika, Tytul, Status, Etat)
  VALUES (98048, 'Profesor', 'Pełny wymiar', 1);
INSERT INTO Wykladowcy
  (IDPracownika, Tytul, Status, Etat)
  VALUES (98052, 'Instruktor', 'Czasowy', 0);
INSERT INTO Wykladowcy
  (IDPracownika, Tytul, Status, Etat)
  VALUES (98053, 'Instruktor', 'Pełny wymiar', 1);
INSERT INTO Wykladowcy
  (IDPracownika, Tytul, Status, Etat)
  VALUES (98055, 'Profesor', 'Pełny wymiar', 1);
INSERT INTO Wykladowcy
  (IDPracownika, Tytul, Status, Etat)
  VALUES (98059, 'Instruktor', 'Pełny wymiar', 1);
INSERT INTO Wykladowcy
  (IDPracownika, Tytul, Status, Etat)
  VALUES (98062, 'Adiunkt', 'Pełny wymiar', 
   0);
INSERT INTO Wykladowcy
  (IDPracownika, Tytul, Status, Etat)
  VALUES (98063, 'Instruktor', 'Pełny wymiar', 1);
INSERT INTO Wykladowcy
  (IDPracownika, Tytul, Status, Etat)
  VALUES (98064, 'Profesor', 'Pełny wymiar', 1);
 
INSERT INTO Zajecia
  (IDZajec, IDPrzedmiotu, IDSali, PunktyEdukacyjne, NumerSemestru, 
   DataRozpoczecia, GodzinaRozpoczecia, CzasTrwania, PlanNaPoniedzialek, 
   PlanNaWtorek, PlanNaSrode, PlanNaCzwartek, 
   PlanNaPiatek, PlanNaSobote)
  VALUES (1000, 11, 1231, 5, 1, '2017-09-12', '10:00:00', 
   50, 0, 1, 1, 1, 1, 1);
INSERT INTO Zajecia
  (IDZajec, IDPrzedmiotu, IDSali, PunktyEdukacyjne, NumerSemestru, 
   DataRozpoczecia, GodzinaRozpoczecia, CzasTrwania, PlanNaPoniedzialek, 
   PlanNaWtorek, PlanNaSrode, PlanNaCzwartek, 
   PlanNaPiatek, PlanNaSobote)
  VALUES (1002, 12, 1619, 4, 1, '2017-09-11', '15:30:00', 
   110, 1, 0, 1, 0, 0, 0);
INSERT INTO Zajecia
  (IDZajec, IDPrzedmiotu, IDSali, PunktyEdukacyjne, NumerSemestru, 
   DataRozpoczecia, GodzinaRozpoczecia, CzasTrwania, PlanNaPoniedzialek, 
   PlanNaWtorek, PlanNaSrode, PlanNaCzwartek, 
   PlanNaPiatek, PlanNaSobote)
  VALUES (1004, 13, 1627, 4, 1, '2017-09-11', '08:00:00', 
   50, 1, 0, 1, 1, 1, 0);
INSERT INTO Zajecia
  (IDZajec, IDPrzedmiotu, IDSali, PunktyEdukacyjne, NumerSemestru, 
   DataRozpoczecia, GodzinaRozpoczecia, CzasTrwania, PlanNaPoniedzialek, 
   PlanNaWtorek, PlanNaSrode, PlanNaCzwartek, 
   PlanNaPiatek, PlanNaSobote)
  VALUES (1006, 13, 1627, 4, 1, '2017-09-11', '09:00:00', 
   110, 1, 0, 1, 0, 0, 0);
INSERT INTO Zajecia
  (IDZajec, IDPrzedmiotu, IDSali, PunktyEdukacyjne, NumerSemestru, 
   DataRozpoczecia, GodzinaRozpoczecia, CzasTrwania, PlanNaPoniedzialek, 
   PlanNaWtorek, PlanNaSrode, PlanNaCzwartek, 
   PlanNaPiatek, PlanNaSobote)
  VALUES (1012, 14, 1627, 4, 1, '2017-09-12', '13:00:00', 
   110, 0, 1, 0, 1, 0, 0);
INSERT INTO Zajecia
  (IDZajec, IDPrzedmiotu, IDSali, PunktyEdukacyjne, NumerSemestru, 
   DataRozpoczecia, GodzinaRozpoczecia, CzasTrwania, PlanNaPoniedzialek, 
   PlanNaWtorek, PlanNaSrode, PlanNaCzwartek, 
   PlanNaPiatek, PlanNaSobote)
  VALUES (1020, 15, 3404, 4, 1, '2017-09-12', '13:00:00', 
   110, 0, 1, 0, 1, 0, 0);
INSERT INTO Zajecia
  (IDZajec, IDPrzedmiotu, IDSali, PunktyEdukacyjne, NumerSemestru, 
   DataRozpoczecia, GodzinaRozpoczecia, CzasTrwania, PlanNaPoniedzialek, 
   PlanNaWtorek, PlanNaSrode, PlanNaCzwartek, 
   PlanNaPiatek, PlanNaSobote)
  VALUES (1030, 16, 1231, 5, 1, '2017-09-11', '11:00:00', 
   50, 1, 1, 1, 1, 1, 0);
INSERT INTO Zajecia
  (IDZajec, IDPrzedmiotu, IDSali, PunktyEdukacyjne, NumerSemestru, 
   DataRozpoczecia, GodzinaRozpoczecia, CzasTrwania, PlanNaPoniedzialek, 
   PlanNaWtorek, PlanNaSrode, PlanNaCzwartek, 
   PlanNaPiatek, PlanNaSobote)
  VALUES (1031, 16, 1231, 5, 1, '2017-09-11', '14:00:00', 
   50, 1, 1, 1, 1, 1, 0);
INSERT INTO Zajecia
  (IDZajec, IDPrzedmiotu, IDSali, PunktyEdukacyjne, NumerSemestru, 
   DataRozpoczecia, GodzinaRozpoczecia, CzasTrwania, PlanNaPoniedzialek, 
   PlanNaWtorek, PlanNaSrode, PlanNaCzwartek, 
   PlanNaPiatek, PlanNaSobote)
  VALUES (1156, 37, 3443, 5, 1, '2017-09-11', '16:00:00', 
   50, 1, 1, 1, 1, 1, 0);
INSERT INTO Zajecia
  (IDZajec, IDPrzedmiotu, IDSali, PunktyEdukacyjne, NumerSemestru, 
   DataRozpoczecia, GodzinaRozpoczecia, CzasTrwania, PlanNaPoniedzialek, 
   PlanNaWtorek, PlanNaSrode, PlanNaCzwartek, 
   PlanNaPiatek, PlanNaSobote)
  VALUES (1162, 37, 3443, 5, 1, '2017-09-11', '09:00:00', 
   140, 1, 0, 1, 0, 0, 0);
INSERT INTO Zajecia
  (IDZajec, IDPrzedmiotu, IDSali, PunktyEdukacyjne, NumerSemestru, 
   DataRozpoczecia, GodzinaRozpoczecia, CzasTrwania, PlanNaPoniedzialek, 
   PlanNaWtorek, PlanNaSrode, PlanNaCzwartek, 
   PlanNaPiatek, PlanNaSobote)
  VALUES (1168, 37, 3445, 5, 1, '2017-09-11', '11:00:00', 
   50, 1, 1, 1, 1, 1, 0);
INSERT INTO Zajecia
  (IDZajec, IDPrzedmiotu, IDSali, PunktyEdukacyjne, NumerSemestru, 
   DataRozpoczecia, GodzinaRozpoczecia, CzasTrwania, PlanNaPoniedzialek, 
   PlanNaWtorek, PlanNaSrode, PlanNaCzwartek, 
   PlanNaPiatek, PlanNaSobote)
  VALUES (1180, 38, 3446, 5, 1, '2017-09-11', '11:30:00', 
   140, 1, 0, 1, 0, 0, 0);
INSERT INTO Zajecia
  (IDZajec, IDPrzedmiotu, IDSali, PunktyEdukacyjne, NumerSemestru, 
   DataRozpoczecia, GodzinaRozpoczecia, CzasTrwania, PlanNaPoniedzialek, 
   PlanNaWtorek, PlanNaSrode, PlanNaCzwartek, 
   PlanNaPiatek, PlanNaSobote)
  VALUES (1183, 38, 3415, 5, 1, '2017-09-11', '13:00:00', 
   50, 1, 1, 1, 1, 1, 0);
INSERT INTO Zajecia
  (IDZajec, IDPrzedmiotu, IDSali, PunktyEdukacyjne, NumerSemestru, 
   DataRozpoczecia, GodzinaRozpoczecia, CzasTrwania, PlanNaPoniedzialek, 
   PlanNaWtorek, PlanNaSrode, PlanNaCzwartek, 
   PlanNaPiatek, PlanNaSobote)
  VALUES (1184, 38, 3415, 5, 1, '2017-09-11', '14:00:00', 
   50, 1, 1, 1, 1, 1, 0);
INSERT INTO Zajecia
  (IDZajec, IDPrzedmiotu, IDSali, PunktyEdukacyjne, NumerSemestru, 
   DataRozpoczecia, GodzinaRozpoczecia, CzasTrwania, PlanNaPoniedzialek, 
   PlanNaWtorek, PlanNaSrode, PlanNaCzwartek, 
   PlanNaPiatek, PlanNaSobote)
  VALUES (1196, 39, 3415, 5, 1, '2017-09-11', '15:00:00', 
   50, 1, 1, 1, 1, 1, 0);
INSERT INTO Zajecia
  (IDZajec, IDPrzedmiotu, IDSali, PunktyEdukacyjne, NumerSemestru, 
   DataRozpoczecia, GodzinaRozpoczecia, CzasTrwania, PlanNaPoniedzialek, 
   PlanNaWtorek, PlanNaSrode, PlanNaCzwartek, 
   PlanNaPiatek, PlanNaSobote)
  VALUES (1500, 33, 1142, 5, 1, '2017-09-11', '08:00:00', 
   50, 1, 1, 1, 1, 1, 0);
INSERT INTO Zajecia
  (IDZajec, IDPrzedmiotu, IDSali, PunktyEdukacyjne, NumerSemestru, 
   DataRozpoczecia, GodzinaRozpoczecia, CzasTrwania, PlanNaPoniedzialek, 
   PlanNaWtorek, PlanNaSrode, PlanNaCzwartek, 
   PlanNaPiatek, PlanNaSobote)
  VALUES (1502, 34, 1142, 5, 1, '2017-09-11', '09:00:00', 
   50, 1, 1, 1, 1, 1, 0);
INSERT INTO Zajecia
  (IDZajec, IDPrzedmiotu, IDSali, PunktyEdukacyjne, NumerSemestru, 
   DataRozpoczecia, GodzinaRozpoczecia, CzasTrwania, PlanNaPoniedzialek, 
   PlanNaWtorek, PlanNaSrode, PlanNaCzwartek, 
   PlanNaPiatek, PlanNaSobote)
  VALUES (1560, 35, 2408, 3, 1, '2017-09-12', '10:00:00', 
   50, 0, 1, 0, 1, 0, 1);
INSERT INTO Zajecia
  (IDZajec, IDPrzedmiotu, IDSali, PunktyEdukacyjne, NumerSemestru, 
   DataRozpoczecia, GodzinaRozpoczecia, CzasTrwania, PlanNaPoniedzialek, 
   PlanNaWtorek, PlanNaSrode, PlanNaCzwartek, 
   PlanNaPiatek, PlanNaSobote)
  VALUES (1562, 36, 2408, 5, 1, '2017-09-11', '12:00:00', 
   140, 1, 0, 0, 0, 1, 0);
INSERT INTO Zajecia
  (IDZajec, IDPrzedmiotu, IDSali, PunktyEdukacyjne, NumerSemestru, 
   DataRozpoczecia, GodzinaRozpoczecia, CzasTrwania, PlanNaPoniedzialek, 
   PlanNaWtorek, PlanNaSrode, PlanNaCzwartek, 
   PlanNaPiatek, PlanNaSobote)
  VALUES (1642, 29, 1514, 2, 1, '2017-09-12', '11:00:00', 
   50, 0, 1, 0, 1, 0, 0);
INSERT INTO Zajecia
  (IDZajec, IDPrzedmiotu, IDSali, PunktyEdukacyjne, NumerSemestru, 
   DataRozpoczecia, GodzinaRozpoczecia, CzasTrwania, PlanNaPoniedzialek, 
   PlanNaWtorek, PlanNaSrode, PlanNaCzwartek, 
   PlanNaPiatek, PlanNaSobote)
  VALUES (2001, 20, 1519, 5, 1, '2017-09-11', '07:30:00', 
   140, 1, 0, 1, 0, 0, 0);
INSERT INTO Zajecia
  (IDZajec, IDPrzedmiotu, IDSali, PunktyEdukacyjne, NumerSemestru, 
   DataRozpoczecia, GodzinaRozpoczecia, CzasTrwania, PlanNaPoniedzialek, 
   PlanNaWtorek, PlanNaSrode, PlanNaCzwartek, 
   PlanNaPiatek, PlanNaSobote)
  VALUES (2005, 20, 1515, 5, 1, '2017-09-12', '11:00:00', 
   50, 0, 1, 1, 1, 1, 1);
INSERT INTO Zajecia
  (IDZajec, IDPrzedmiotu, IDSali, PunktyEdukacyjne, NumerSemestru, 
   DataRozpoczecia, GodzinaRozpoczecia, CzasTrwania, PlanNaPoniedzialek, 
   PlanNaWtorek, PlanNaSrode, PlanNaCzwartek, 
   PlanNaPiatek, PlanNaSobote)
  VALUES (2015, 21, 1131, 5, 1, '2017-09-11', '09:00:00', 
   140, 1, 0, 1, 0, 0, 0);
INSERT INTO Zajecia
  (IDZajec, IDPrzedmiotu, IDSali, PunktyEdukacyjne, NumerSemestru, 
   DataRozpoczecia, GodzinaRozpoczecia, CzasTrwania, PlanNaPoniedzialek, 
   PlanNaWtorek, PlanNaSrode, PlanNaCzwartek, 
   PlanNaPiatek, PlanNaSobote)
  VALUES (2051, 22, 1515, 4, 1, '2017-09-11', '14:30:00', 
   50, 1, 1, 1, 1, 0, 0);
INSERT INTO Zajecia
  (IDZajec, IDPrzedmiotu, IDSali, PunktyEdukacyjne, NumerSemestru, 
   DataRozpoczecia, GodzinaRozpoczecia, CzasTrwania, PlanNaPoniedzialek, 
   PlanNaWtorek, PlanNaSrode, PlanNaCzwartek, 
   PlanNaPiatek, PlanNaSobote)
  VALUES (2071, 50, 1624, 5, 1, '2017-09-11', '10:00:00', 
   50, 1, 1, 1, 1, 1, 0);
INSERT INTO Zajecia
  (IDZajec, IDPrzedmiotu, IDSali, PunktyEdukacyjne, NumerSemestru, 
   DataRozpoczecia, GodzinaRozpoczecia, CzasTrwania, PlanNaPoniedzialek, 
   PlanNaWtorek, PlanNaSrode, PlanNaCzwartek, 
   PlanNaPiatek, PlanNaSobote)
  VALUES (2075, 51, 1624, 5, 1, '2017-09-11', '07:00:00', 
   140, 1, 0, 0, 0, 1, 0);
INSERT INTO Zajecia
  (IDZajec, IDPrzedmiotu, IDSali, PunktyEdukacyjne, NumerSemestru, 
   DataRozpoczecia, GodzinaRozpoczecia, CzasTrwania, PlanNaPoniedzialek, 
   PlanNaWtorek, PlanNaSrode, PlanNaCzwartek, 
   PlanNaPiatek, PlanNaSobote)
  VALUES (2089, 52, 1624, 5, 1, '2017-09-12', '16:00:00', 
   50, 0, 1, 1, 1, 1, 1);
INSERT INTO Zajecia
  (IDZajec, IDPrzedmiotu, IDSali, PunktyEdukacyjne, NumerSemestru, 
   DataRozpoczecia, GodzinaRozpoczecia, CzasTrwania, PlanNaPoniedzialek, 
   PlanNaWtorek, PlanNaSrode, PlanNaCzwartek, 
   PlanNaPiatek, PlanNaSobote)
  VALUES (2103, 53, 1624, 5, 1, '2017-09-11', '11:00:00', 
   50, 1, 1, 1, 1, 1, 0);
INSERT INTO Zajecia
  (IDZajec, IDPrzedmiotu, IDSali, PunktyEdukacyjne, NumerSemestru, 
   DataRozpoczecia, GodzinaRozpoczecia, CzasTrwania, PlanNaPoniedzialek, 
   PlanNaWtorek, PlanNaSrode, PlanNaCzwartek, 
   PlanNaPiatek, PlanNaSobote)
  VALUES (2213, 17, 1532, 5, 1, '2017-09-11', '10:00:00', 
   140, 1, 0, 1, 0, 0, 0);
INSERT INTO Zajecia
  (IDZajec, IDPrzedmiotu, IDSali, PunktyEdukacyjne, NumerSemestru, 
   DataRozpoczecia, GodzinaRozpoczecia, CzasTrwania, PlanNaPoniedzialek, 
   PlanNaWtorek, PlanNaSrode, PlanNaCzwartek, 
   PlanNaPiatek, PlanNaSobote)
  VALUES (2223, 18, 1532, 5, 1, '2017-09-11', '12:00:00', 
   50, 1, 1, 1, 1, 1, 0);
INSERT INTO Zajecia
  (IDZajec, IDPrzedmiotu, IDSali, PunktyEdukacyjne, NumerSemestru, 
   DataRozpoczecia, GodzinaRozpoczecia, CzasTrwania, PlanNaPoniedzialek, 
   PlanNaWtorek, PlanNaSrode, PlanNaCzwartek, 
   PlanNaPiatek, PlanNaSobote)
  VALUES (2245, 19, 1530, 5, 1, '2017-09-11', '13:30:00', 
   140, 1, 0, 1, 0, 0, 0);
INSERT INTO Zajecia
  (IDZajec, IDPrzedmiotu, IDSali, PunktyEdukacyjne, NumerSemestru, 
   DataRozpoczecia, GodzinaRozpoczecia, CzasTrwania, PlanNaPoniedzialek, 
   PlanNaWtorek, PlanNaSrode, PlanNaCzwartek, 
   PlanNaPiatek, PlanNaSobote)
  VALUES (2410, 23, 1640, 4, 1, '2017-09-12', '10:00:00', 
   110, 0, 1, 0, 1, 0, 0);
INSERT INTO Zajecia
  (IDZajec, IDPrzedmiotu, IDSali, PunktyEdukacyjne, NumerSemestru, 
   DataRozpoczecia, GodzinaRozpoczecia, CzasTrwania, PlanNaPoniedzialek, 
   PlanNaWtorek, PlanNaSrode, PlanNaCzwartek, 
   PlanNaPiatek, PlanNaSobote)
  VALUES (2420, 24, 1641, 4, 1, '2017-09-11', '13:00:00', 
   50, 1, 0, 1, 0, 1, 1);
INSERT INTO Zajecia
  (IDZajec, IDPrzedmiotu, IDSali, PunktyEdukacyjne, NumerSemestru, 
   DataRozpoczecia, GodzinaRozpoczecia, CzasTrwania, PlanNaPoniedzialek, 
   PlanNaWtorek, PlanNaSrode, PlanNaCzwartek, 
   PlanNaPiatek, PlanNaSobote)
  VALUES (2430, 25, 1642, 4, 1, '2017-09-11', '15:00:00', 
   50, 1, 1, 0, 1, 0, 1);
INSERT INTO Zajecia
  (IDZajec, IDPrzedmiotu, IDSali, PunktyEdukacyjne, NumerSemestru, 
   DataRozpoczecia, GodzinaRozpoczecia, CzasTrwania, PlanNaPoniedzialek, 
   PlanNaWtorek, PlanNaSrode, PlanNaCzwartek, 
   PlanNaPiatek, PlanNaSobote)
  VALUES (2431, 27, 3322, 5, 1, '2017-09-11', '14:00:00', 
   50, 1, 1, 1, 1, 1, 0);
INSERT INTO Zajecia
  (IDZajec, IDPrzedmiotu, IDSali, PunktyEdukacyjne, NumerSemestru, 
   DataRozpoczecia, GodzinaRozpoczecia, CzasTrwania, PlanNaPoniedzialek, 
   PlanNaWtorek, PlanNaSrode, PlanNaCzwartek, 
   PlanNaPiatek, PlanNaSobote)
  VALUES (2451, 27, 1639, 5, 1, '2017-09-11', '16:00:00', 
   50, 1, 1, 1, 1, 1, 0);
INSERT INTO Zajecia
  (IDZajec, IDPrzedmiotu, IDSali, PunktyEdukacyjne, NumerSemestru, 
   DataRozpoczecia, GodzinaRozpoczecia, CzasTrwania, PlanNaPoniedzialek, 
   PlanNaWtorek, PlanNaSrode, PlanNaCzwartek, 
   PlanNaPiatek, PlanNaSobote)
  VALUES (2500, 1, 3305, 3, 1, '2017-09-11', '16:00:00', 
   50, 1, 0, 1, 0, 1, 0);
INSERT INTO Zajecia
  (IDZajec, IDPrzedmiotu, IDSali, PunktyEdukacyjne, NumerSemestru, 
   DataRozpoczecia, GodzinaRozpoczecia, CzasTrwania, PlanNaPoniedzialek, 
   PlanNaWtorek, PlanNaSrode, PlanNaCzwartek, 
   PlanNaPiatek, PlanNaSobote)
  VALUES (2510, 2, 3307, 3, 1, '2017-09-12', '13:00:00', 
   80, 0, 1, 0, 1, 0, 0);
INSERT INTO Zajecia
  (IDZajec, IDPrzedmiotu, IDSali, PunktyEdukacyjne, NumerSemestru, 
   DataRozpoczecia, GodzinaRozpoczecia, CzasTrwania, PlanNaPoniedzialek, 
   PlanNaWtorek, PlanNaSrode, PlanNaCzwartek, 
   PlanNaPiatek, PlanNaSobote)
  VALUES (2520, 3, 3309, 3, 1, '2017-09-12', '09:00:00', 
   50, 0, 1, 0, 1, 0, 1);
INSERT INTO Zajecia
  (IDZajec, IDPrzedmiotu, IDSali, PunktyEdukacyjne, NumerSemestru, 
   DataRozpoczecia, GodzinaRozpoczecia, CzasTrwania, PlanNaPoniedzialek, 
   PlanNaWtorek, PlanNaSrode, PlanNaCzwartek, 
   PlanNaPiatek, PlanNaSobote)
  VALUES (2633, 48, 3420, 5, 1, '2017-09-12', '16:00:00', 
   50, 0, 1, 1, 1, 1, 1);
INSERT INTO Zajecia
  (IDZajec, IDPrzedmiotu, IDSali, PunktyEdukacyjne, NumerSemestru, 
   DataRozpoczecia, GodzinaRozpoczecia, CzasTrwania, PlanNaPoniedzialek, 
   PlanNaWtorek, PlanNaSrode, PlanNaCzwartek, 
   PlanNaPiatek, PlanNaSobote)
  VALUES (2639, 49, 3353, 3, 1, '2017-09-11', '09:00:00', 
   50, 1, 0, 1, 0, 1, 0);
INSERT INTO Zajecia
  (IDZajec, IDPrzedmiotu, IDSali, PunktyEdukacyjne, NumerSemestru, 
   DataRozpoczecia, GodzinaRozpoczecia, CzasTrwania, PlanNaPoniedzialek, 
   PlanNaWtorek, PlanNaSrode, PlanNaCzwartek, 
   PlanNaPiatek, PlanNaSobote)
  VALUES (2647, 49, 3353, 3, 1, '2017-09-12', '18:00:00', 
   50, 0, 1, 0, 1, 0, 1);
INSERT INTO Zajecia
  (IDZajec, IDPrzedmiotu, IDSali, PunktyEdukacyjne, NumerSemestru, 
   DataRozpoczecia, GodzinaRozpoczecia, CzasTrwania, PlanNaPoniedzialek, 
   PlanNaWtorek, PlanNaSrode, PlanNaCzwartek, 
   PlanNaPiatek, PlanNaSobote)
  VALUES (2889, 45, 2423, 5, 1, '2017-09-11', '16:00:00', 
   50, 1, 1, 1, 1, 1, 0);
INSERT INTO Zajecia
  (IDZajec, IDPrzedmiotu, IDSali, PunktyEdukacyjne, NumerSemestru, 
   DataRozpoczecia, GodzinaRozpoczecia, CzasTrwania, PlanNaPoniedzialek, 
   PlanNaWtorek, PlanNaSrode, PlanNaCzwartek, 
   PlanNaPiatek, PlanNaSobote)
  VALUES (2891, 45, 2423, 5, 1, '2017-09-11', '11:00:00', 
   50, 1, 1, 1, 1, 1, 0);
INSERT INTO Zajecia
  (IDZajec, IDPrzedmiotu, IDSali, PunktyEdukacyjne, NumerSemestru, 
   DataRozpoczecia, GodzinaRozpoczecia, CzasTrwania, PlanNaPoniedzialek, 
   PlanNaWtorek, PlanNaSrode, PlanNaCzwartek, 
   PlanNaPiatek, PlanNaSobote)
  VALUES (2895, 45, 2423, 5, 1, '2017-09-11', '13:00:00', 
   50, 1, 1, 1, 1, 1, 0);
INSERT INTO Zajecia
  (IDZajec, IDPrzedmiotu, IDSali, PunktyEdukacyjne, NumerSemestru, 
   DataRozpoczecia, GodzinaRozpoczecia, CzasTrwania, PlanNaPoniedzialek, 
   PlanNaWtorek, PlanNaSrode, PlanNaCzwartek, 
   PlanNaPiatek, PlanNaSobote)
  VALUES (2907, 46, 3445, 5, 1, '2017-09-11', '08:00:00', 
   50, 1, 1, 1, 1, 1, 0);
INSERT INTO Zajecia
  (IDZajec, IDPrzedmiotu, IDSali, PunktyEdukacyjne, NumerSemestru, 
   DataRozpoczecia, GodzinaRozpoczecia, CzasTrwania, PlanNaPoniedzialek, 
   PlanNaWtorek, PlanNaSrode, PlanNaCzwartek, 
   PlanNaPiatek, PlanNaSobote)
  VALUES (2911, 46, 3445, 5, 1, '2017-09-11', '12:00:00', 
   50, 1, 1, 1, 1, 1, 0);
INSERT INTO Zajecia
  (IDZajec, IDPrzedmiotu, IDSali, PunktyEdukacyjne, NumerSemestru, 
   DataRozpoczecia, GodzinaRozpoczecia, CzasTrwania, PlanNaPoniedzialek, 
   PlanNaWtorek, PlanNaSrode, PlanNaCzwartek, 
   PlanNaPiatek, PlanNaSobote)
  VALUES (2915, 46, 3353, 5, 1, '2017-09-11', '10:00:00', 
   50, 1, 1, 1, 1, 1, 0);
INSERT INTO Zajecia
  (IDZajec, IDPrzedmiotu, IDSali, PunktyEdukacyjne, NumerSemestru, 
   DataRozpoczecia, GodzinaRozpoczecia, CzasTrwania, PlanNaPoniedzialek, 
   PlanNaWtorek, PlanNaSrode, PlanNaCzwartek, 
   PlanNaPiatek, PlanNaSobote)
  VALUES (2917, 47, 3422, 5, 1, '2017-09-11', '14:00:00', 
   50, 1, 1, 1, 1, 1, 0);
INSERT INTO Zajecia
  (IDZajec, IDPrzedmiotu, IDSali, PunktyEdukacyjne, NumerSemestru, 
   DataRozpoczecia, GodzinaRozpoczecia, CzasTrwania, PlanNaPoniedzialek, 
   PlanNaWtorek, PlanNaSrode, PlanNaCzwartek, 
   PlanNaPiatek, PlanNaSobote)
  VALUES (2925, 47, 3422, 5, 1, '2017-09-11', '15:00:00', 
   50, 1, 1, 1, 1, 1, 0);
INSERT INTO Zajecia
  (IDZajec, IDPrzedmiotu, IDSali, PunktyEdukacyjne, NumerSemestru, 
   DataRozpoczecia, GodzinaRozpoczecia, CzasTrwania, PlanNaPoniedzialek, 
   PlanNaWtorek, PlanNaSrode, PlanNaCzwartek, 
   PlanNaPiatek, PlanNaSobote)
  VALUES (2933, 47, 3422, 5, 1, '2017-09-12', '09:00:00', 
   280, 0, 0, 0, 0, 0, 1);
INSERT INTO Zajecia
  (IDZajec, IDPrzedmiotu, IDSali, PunktyEdukacyjne, NumerSemestru, 
   DataRozpoczecia, GodzinaRozpoczecia, CzasTrwania, PlanNaPoniedzialek, 
   PlanNaWtorek, PlanNaSrode, PlanNaCzwartek, 
   PlanNaPiatek, PlanNaSobote)
  VALUES (3030, 30, 3352, 5, 1, '2017-09-16', '09:00:00', 
   140, 1, 0, 0, 0, 1, 0);
INSERT INTO Zajecia
  (IDZajec, IDPrzedmiotu, IDSali, PunktyEdukacyjne, NumerSemestru, 
   DataRozpoczecia, GodzinaRozpoczecia, CzasTrwania, PlanNaPoniedzialek, 
   PlanNaWtorek, PlanNaSrode, PlanNaCzwartek, 
   PlanNaPiatek, PlanNaSobote)
  VALUES (3031, 30, 3352, 5, 1, '2017-09-11', '13:30:00', 
   140, 1, 0, 1, 0, 0, 0);
INSERT INTO Zajecia
  (IDZajec, IDPrzedmiotu, IDSali, PunktyEdukacyjne, NumerSemestru, 
   DataRozpoczecia, GodzinaRozpoczecia, CzasTrwania, PlanNaPoniedzialek, 
   PlanNaWtorek, PlanNaSrode, PlanNaCzwartek, 
   PlanNaPiatek, PlanNaSobote)
  VALUES (3040, 31, 3352, 5, 1, '2017-09-11', '11:00:00', 
   50, 1, 1, 1, 1, 1, 0);
INSERT INTO Zajecia
  (IDZajec, IDPrzedmiotu, IDSali, PunktyEdukacyjne, NumerSemestru, 
   DataRozpoczecia, GodzinaRozpoczecia, CzasTrwania, PlanNaPoniedzialek, 
   PlanNaWtorek, PlanNaSrode, PlanNaCzwartek, 
   PlanNaPiatek, PlanNaSobote)
  VALUES (3045, 31, 3352, 5, 1, '2017-09-11', '12:00:00', 
   50, 1, 1, 1, 1, 1, 0);
INSERT INTO Zajecia
  (IDZajec, IDPrzedmiotu, IDSali, PunktyEdukacyjne, NumerSemestru, 
   DataRozpoczecia, GodzinaRozpoczecia, CzasTrwania, PlanNaPoniedzialek, 
   PlanNaWtorek, PlanNaSrode, PlanNaCzwartek, 
   PlanNaPiatek, PlanNaSobote)
  VALUES (3050, 32, 3343, 5, 1, '2017-09-11', '16:00:00', 
   50, 1, 1, 1, 1, 1, 0);
INSERT INTO Zajecia
  (IDZajec, IDPrzedmiotu, IDSali, PunktyEdukacyjne, NumerSemestru, 
   DataRozpoczecia, GodzinaRozpoczecia, CzasTrwania, PlanNaPoniedzialek, 
   PlanNaWtorek, PlanNaSrode, PlanNaCzwartek, 
   PlanNaPiatek, PlanNaSobote)
  VALUES (3055, 32, 3317, 5, 1, '2017-09-11', '15:00:00', 
   50, 1, 1, 1, 1, 1, 0);
INSERT INTO Zajecia
  (IDZajec, IDPrzedmiotu, IDSali, PunktyEdukacyjne, NumerSemestru, 
   DataRozpoczecia, GodzinaRozpoczecia, CzasTrwania, PlanNaPoniedzialek, 
   PlanNaWtorek, PlanNaSrode, PlanNaCzwartek, 
   PlanNaPiatek, PlanNaSobote)
  VALUES (3065, 40, 3345, 5, 1, '2017-09-11', '08:00:00', 
   140, 1, 0, 1, 0, 0, 0);
INSERT INTO Zajecia
  (IDZajec, IDPrzedmiotu, IDSali, PunktyEdukacyjne, NumerSemestru, 
   DataRozpoczecia, GodzinaRozpoczecia, CzasTrwania, PlanNaPoniedzialek, 
   PlanNaWtorek, PlanNaSrode, PlanNaCzwartek, 
   PlanNaPiatek, PlanNaSobote)
  VALUES (3070, 42, 3346, 5, 1, '2017-09-11', '10:30:00', 
   140, 1, 0, 0, 0, 1, 0);
INSERT INTO Zajecia
  (IDZajec, IDPrzedmiotu, IDSali, PunktyEdukacyjne, NumerSemestru, 
   DataRozpoczecia, GodzinaRozpoczecia, CzasTrwania, PlanNaPoniedzialek, 
   PlanNaWtorek, PlanNaSrode, PlanNaCzwartek, 
   PlanNaPiatek, PlanNaSobote)
  VALUES (3082, 44, 3346, 5, 1, '2017-09-11', '08:00:00', 
   50, 1, 1, 1, 1, 1, 0);
INSERT INTO Zajecia
  (IDZajec, IDPrzedmiotu, IDSali, PunktyEdukacyjne, NumerSemestru, 
   DataRozpoczecia, GodzinaRozpoczecia, CzasTrwania, PlanNaPoniedzialek, 
   PlanNaWtorek, PlanNaSrode, PlanNaCzwartek, 
   PlanNaPiatek, PlanNaSobote)
  VALUES (3085, 43, 3346, 5, 1, '2017-09-11', '15:00:00', 
   50, 1, 1, 1, 1, 1, 0);
INSERT INTO Zajecia
  (IDZajec, IDPrzedmiotu, IDSali, PunktyEdukacyjne, NumerSemestru, 
   DataRozpoczecia, GodzinaRozpoczecia, CzasTrwania, PlanNaPoniedzialek, 
   PlanNaWtorek, PlanNaSrode, PlanNaCzwartek, 
   PlanNaPiatek, PlanNaSobote)
  VALUES (3090, 44, 3346, 5, 1, '2017-09-11', '13:30:00', 
   140, 1, 0, 1, 0, 1, 0);
INSERT INTO Zajecia
  (IDZajec, IDPrzedmiotu, IDSali, PunktyEdukacyjne, NumerSemestru, 
   DataRozpoczecia, GodzinaRozpoczecia, CzasTrwania, PlanNaPoniedzialek, 
   PlanNaWtorek, PlanNaSrode, PlanNaCzwartek, 
   PlanNaPiatek, PlanNaSobote)
  VALUES (3115, 54, 3352, 5, 1, '2017-09-11', '08:00:00', 
   50, 1, 1, 1, 1, 1, 0);
INSERT INTO Zajecia
  (IDZajec, IDPrzedmiotu, IDSali, PunktyEdukacyjne, NumerSemestru, 
   DataRozpoczecia, GodzinaRozpoczecia, CzasTrwania, PlanNaPoniedzialek, 
   PlanNaWtorek, PlanNaSrode, PlanNaCzwartek, 
   PlanNaPiatek, PlanNaSobote)
  VALUES (3120, 54, 3352, 5, 1, '2017-09-11', '10:00:00', 
   50, 1, 1, 1, 1, 1, 0);
INSERT INTO Zajecia
  (IDZajec, IDPrzedmiotu, IDSali, PunktyEdukacyjne, NumerSemestru, 
   DataRozpoczecia, GodzinaRozpoczecia, CzasTrwania, PlanNaPoniedzialek, 
   PlanNaWtorek, PlanNaSrode, PlanNaCzwartek, 
   PlanNaPiatek, PlanNaSobote)
  VALUES (3123, 56, 3346, 5, 1, '2017-09-11', '12:00:00', 
   140, 1, 0, 0, 0, 1, 0);
INSERT INTO Zajecia
  (IDZajec, IDPrzedmiotu, IDSali, PunktyEdukacyjne, NumerSemestru, 
   DataRozpoczecia, GodzinaRozpoczecia, CzasTrwania, PlanNaPoniedzialek, 
   PlanNaWtorek, PlanNaSrode, PlanNaCzwartek, 
   PlanNaPiatek, PlanNaSobote)
  VALUES (3600, 41, 3420, 5, 1, '2017-09-11', '13:00:00', 
   140, 1, 0, 1, 0, 0, 0);
INSERT INTO Zajecia
  (IDZajec, IDPrzedmiotu, IDSali, PunktyEdukacyjne, NumerSemestru, 
   DataRozpoczecia, GodzinaRozpoczecia, CzasTrwania, PlanNaPoniedzialek, 
   PlanNaWtorek, PlanNaSrode, PlanNaCzwartek, 
   PlanNaPiatek, PlanNaSobote)
  VALUES (4000, 11, 1231, 5, 2, '2018-01-16', '10:00:00', 
   50, 0, 1, 1, 1, 1, 1);
INSERT INTO Zajecia
  (IDZajec, IDPrzedmiotu, IDSali, PunktyEdukacyjne, NumerSemestru, 
   DataRozpoczecia, GodzinaRozpoczecia, CzasTrwania, PlanNaPoniedzialek, 
   PlanNaWtorek, PlanNaSrode, PlanNaCzwartek, 
   PlanNaPiatek, PlanNaSobote)
  VALUES (4002, 12, 1619, 4, 2, '2018-01-15', '15:30:00', 
   110, 1, 0, 1, 0, 0, 0);
INSERT INTO Zajecia
  (IDZajec, IDPrzedmiotu, IDSali, PunktyEdukacyjne, NumerSemestru, 
   DataRozpoczecia, GodzinaRozpoczecia, CzasTrwania, PlanNaPoniedzialek, 
   PlanNaWtorek, PlanNaSrode, PlanNaCzwartek, 
   PlanNaPiatek, PlanNaSobote)
  VALUES (4004, 13, 1627, 4, 2, '2018-01-15', '08:00:00', 
   50, 1, 0, 1, 1, 1, 0);
INSERT INTO Zajecia
  (IDZajec, IDPrzedmiotu, IDSali, PunktyEdukacyjne, NumerSemestru, 
   DataRozpoczecia, GodzinaRozpoczecia, CzasTrwania, PlanNaPoniedzialek, 
   PlanNaWtorek, PlanNaSrode, PlanNaCzwartek, 
   PlanNaPiatek, PlanNaSobote)
  VALUES (4006, 13, 1627, 4, 2, '2018-01-15', '09:00:00', 
   110, 1, 0, 1, 0, 0, 0);
INSERT INTO Zajecia
  (IDZajec, IDPrzedmiotu, IDSali, PunktyEdukacyjne, NumerSemestru, 
   DataRozpoczecia, GodzinaRozpoczecia, CzasTrwania, PlanNaPoniedzialek, 
   PlanNaWtorek, PlanNaSrode, PlanNaCzwartek, 
   PlanNaPiatek, PlanNaSobote)
  VALUES (4012, 14, 1627, 4, 2, '2018-01-16', '13:00:00', 
   110, 0, 1, 0, 1, 0, 0);
INSERT INTO Zajecia
  (IDZajec, IDPrzedmiotu, IDSali, PunktyEdukacyjne, NumerSemestru, 
   DataRozpoczecia, GodzinaRozpoczecia, CzasTrwania, PlanNaPoniedzialek, 
   PlanNaWtorek, PlanNaSrode, PlanNaCzwartek, 
   PlanNaPiatek, PlanNaSobote)
  VALUES (4020, 15, 3404, 4, 2, '2018-01-16', '13:00:00', 
   110, 0, 1, 0, 1, 0, 0);
INSERT INTO Zajecia
  (IDZajec, IDPrzedmiotu, IDSali, PunktyEdukacyjne, NumerSemestru, 
   DataRozpoczecia, GodzinaRozpoczecia, CzasTrwania, PlanNaPoniedzialek, 
   PlanNaWtorek, PlanNaSrode, PlanNaCzwartek, 
   PlanNaPiatek, PlanNaSobote)
  VALUES (4030, 16, 1231, 5, 2, '2018-01-15', '11:00:00', 
   50, 1, 1, 1, 1, 1, 0);
INSERT INTO Zajecia
  (IDZajec, IDPrzedmiotu, IDSali, PunktyEdukacyjne, NumerSemestru, 
   DataRozpoczecia, GodzinaRozpoczecia, CzasTrwania, PlanNaPoniedzialek, 
   PlanNaWtorek, PlanNaSrode, PlanNaCzwartek, 
   PlanNaPiatek, PlanNaSobote)
  VALUES (4031, 16, 1231, 5, 2, '2018-01-15', '14:00:00', 
   50, 1, 1, 1, 1, 1, 0);
INSERT INTO Zajecia
  (IDZajec, IDPrzedmiotu, IDSali, PunktyEdukacyjne, NumerSemestru, 
   DataRozpoczecia, GodzinaRozpoczecia, CzasTrwania, PlanNaPoniedzialek, 
   PlanNaWtorek, PlanNaSrode, PlanNaCzwartek, 
   PlanNaPiatek, PlanNaSobote)
  VALUES (4156, 37, 3443, 5, 2, '2018-01-15', '16:00:00', 
   50, 1, 1, 1, 1, 1, 0);
INSERT INTO Zajecia
  (IDZajec, IDPrzedmiotu, IDSali, PunktyEdukacyjne, NumerSemestru, 
   DataRozpoczecia, GodzinaRozpoczecia, CzasTrwania, PlanNaPoniedzialek, 
   PlanNaWtorek, PlanNaSrode, PlanNaCzwartek, 
   PlanNaPiatek, PlanNaSobote)
  VALUES (4162, 37, 3443, 5, 2, '2018-01-15', '09:00:00', 
   140, 1, 0, 1, 0, 0, 0);
INSERT INTO Zajecia
  (IDZajec, IDPrzedmiotu, IDSali, PunktyEdukacyjne, NumerSemestru, 
   DataRozpoczecia, GodzinaRozpoczecia, CzasTrwania, PlanNaPoniedzialek, 
   PlanNaWtorek, PlanNaSrode, PlanNaCzwartek, 
   PlanNaPiatek, PlanNaSobote)
  VALUES (4168, 37, 3445, 5, 2, '2018-01-15', '11:00:00', 
   50, 1, 1, 1, 1, 1, 0);
INSERT INTO Zajecia
  (IDZajec, IDPrzedmiotu, IDSali, PunktyEdukacyjne, NumerSemestru, 
   DataRozpoczecia, GodzinaRozpoczecia, CzasTrwania, PlanNaPoniedzialek, 
   PlanNaWtorek, PlanNaSrode, PlanNaCzwartek, 
   PlanNaPiatek, PlanNaSobote)
  VALUES (4180, 38, 3446, 5, 2, '2018-01-15', '11:30:00', 
   140, 1, 0, 1, 0, 0, 0);
INSERT INTO Zajecia
  (IDZajec, IDPrzedmiotu, IDSali, PunktyEdukacyjne, NumerSemestru, 
   DataRozpoczecia, GodzinaRozpoczecia, CzasTrwania, PlanNaPoniedzialek, 
   PlanNaWtorek, PlanNaSrode, PlanNaCzwartek, 
   PlanNaPiatek, PlanNaSobote)
  VALUES (4183, 38, 3415, 5, 2, '2018-01-15', '13:00:00', 
   50, 1, 1, 1, 1, 1, 0);
INSERT INTO Zajecia
  (IDZajec, IDPrzedmiotu, IDSali, PunktyEdukacyjne, NumerSemestru, 
   DataRozpoczecia, GodzinaRozpoczecia, CzasTrwania, PlanNaPoniedzialek, 
   PlanNaWtorek, PlanNaSrode, PlanNaCzwartek, 
   PlanNaPiatek, PlanNaSobote)
  VALUES (4184, 38, 3415, 5, 2, '2018-01-15', '14:00:00', 
   50, 1, 1, 1, 1, 1, 0);
INSERT INTO Zajecia
  (IDZajec, IDPrzedmiotu, IDSali, PunktyEdukacyjne, NumerSemestru, 
   DataRozpoczecia, GodzinaRozpoczecia, CzasTrwania, PlanNaPoniedzialek, 
   PlanNaWtorek, PlanNaSrode, PlanNaCzwartek, 
   PlanNaPiatek, PlanNaSobote)
  VALUES (4196, 39, 3415, 5, 2, '2018-01-15', '15:00:00', 
   50, 1, 1, 1, 1, 1, 0);
INSERT INTO Zajecia
  (IDZajec, IDPrzedmiotu, IDSali, PunktyEdukacyjne, NumerSemestru, 
   DataRozpoczecia, GodzinaRozpoczecia, CzasTrwania, PlanNaPoniedzialek, 
   PlanNaWtorek, PlanNaSrode, PlanNaCzwartek, 
   PlanNaPiatek, PlanNaSobote)
  VALUES (4500, 33, 1142, 5, 2, '2018-01-15', '08:00:00', 
   50, 1, 1, 1, 1, 1, 0);
INSERT INTO Zajecia
  (IDZajec, IDPrzedmiotu, IDSali, PunktyEdukacyjne, NumerSemestru, 
   DataRozpoczecia, GodzinaRozpoczecia, CzasTrwania, PlanNaPoniedzialek, 
   PlanNaWtorek, PlanNaSrode, PlanNaCzwartek, 
   PlanNaPiatek, PlanNaSobote)
  VALUES (4502, 34, 1142, 5, 2, '2018-01-15', '09:00:00', 
   50, 1, 1, 1, 1, 1, 0);
INSERT INTO Zajecia
  (IDZajec, IDPrzedmiotu, IDSali, PunktyEdukacyjne, NumerSemestru, 
   DataRozpoczecia, GodzinaRozpoczecia, CzasTrwania, PlanNaPoniedzialek, 
   PlanNaWtorek, PlanNaSrode, PlanNaCzwartek, 
   PlanNaPiatek, PlanNaSobote)
  VALUES (4560, 35, 2408, 3, 2, '2018-01-16', '10:00:00', 
   50, 0, 1, 0, 1, 0, 1);
INSERT INTO Zajecia
  (IDZajec, IDPrzedmiotu, IDSali, PunktyEdukacyjne, NumerSemestru, 
   DataRozpoczecia, GodzinaRozpoczecia, CzasTrwania, PlanNaPoniedzialek, 
   PlanNaWtorek, PlanNaSrode, PlanNaCzwartek, 
   PlanNaPiatek, PlanNaSobote)
  VALUES (4562, 36, 2408, 5, 2, '2018-01-15', '12:00:00', 
   140, 1, 0, 0, 0, 1, 0);
INSERT INTO Zajecia
  (IDZajec, IDPrzedmiotu, IDSali, PunktyEdukacyjne, NumerSemestru, 
   DataRozpoczecia, GodzinaRozpoczecia, CzasTrwania, PlanNaPoniedzialek, 
   PlanNaWtorek, PlanNaSrode, PlanNaCzwartek, 
   PlanNaPiatek, PlanNaSobote)
  VALUES (4642, 29, 1514, 2, 2, '2018-01-16', '11:00:00', 
   50, 0, 1, 0, 1, 0, 0);
INSERT INTO Zajecia
  (IDZajec, IDPrzedmiotu, IDSali, PunktyEdukacyjne, NumerSemestru, 
   DataRozpoczecia, GodzinaRozpoczecia, CzasTrwania, PlanNaPoniedzialek, 
   PlanNaWtorek, PlanNaSrode, PlanNaCzwartek, 
   PlanNaPiatek, PlanNaSobote)
  VALUES (5001, 20, 1519, 5, 2, '2018-01-15', '07:30:00', 
   140, 1, 0, 1, 0, 0, 0);
INSERT INTO Zajecia
  (IDZajec, IDPrzedmiotu, IDSali, PunktyEdukacyjne, NumerSemestru, 
   DataRozpoczecia, GodzinaRozpoczecia, CzasTrwania, PlanNaPoniedzialek, 
   PlanNaWtorek, PlanNaSrode, PlanNaCzwartek, 
   PlanNaPiatek, PlanNaSobote)
  VALUES (5005, 20, 1515, 5, 2, '2018-01-16', '11:00:00', 
   50, 0, 1, 1, 1, 1, 1);
INSERT INTO Zajecia
  (IDZajec, IDPrzedmiotu, IDSali, PunktyEdukacyjne, NumerSemestru, 
   DataRozpoczecia, GodzinaRozpoczecia, CzasTrwania, PlanNaPoniedzialek, 
   PlanNaWtorek, PlanNaSrode, PlanNaCzwartek, 
   PlanNaPiatek, PlanNaSobote)
  VALUES (5015, 21, 1131, 5, 2, '2018-01-15', '09:00:00', 
   140, 1, 0, 1, 0, 0, 0);
INSERT INTO Zajecia
  (IDZajec, IDPrzedmiotu, IDSali, PunktyEdukacyjne, NumerSemestru, 
   DataRozpoczecia, GodzinaRozpoczecia, CzasTrwania, PlanNaPoniedzialek, 
   PlanNaWtorek, PlanNaSrode, PlanNaCzwartek, 
   PlanNaPiatek, PlanNaSobote)
  VALUES (5051, 22, 1515, 4, 2, '2018-01-15', '14:30:00', 
   50, 1, 1, 1, 1, 0, 0);
INSERT INTO Zajecia
  (IDZajec, IDPrzedmiotu, IDSali, PunktyEdukacyjne, NumerSemestru, 
   DataRozpoczecia, GodzinaRozpoczecia, CzasTrwania, PlanNaPoniedzialek, 
   PlanNaWtorek, PlanNaSrode, PlanNaCzwartek, 
   PlanNaPiatek, PlanNaSobote)
  VALUES (5071, 50, 1624, 5, 2, '2018-01-15', '10:00:00', 
   50, 1, 1, 1, 1, 1, 0);
INSERT INTO Zajecia
  (IDZajec, IDPrzedmiotu, IDSali, PunktyEdukacyjne, NumerSemestru, 
   DataRozpoczecia, GodzinaRozpoczecia, CzasTrwania, PlanNaPoniedzialek, 
   PlanNaWtorek, PlanNaSrode, PlanNaCzwartek, 
   PlanNaPiatek, PlanNaSobote)
  VALUES (5075, 51, 1624, 5, 2, '2018-01-15', '07:00:00', 
   140, 1, 0, 0, 0, 1, 0);
INSERT INTO Zajecia
  (IDZajec, IDPrzedmiotu, IDSali, PunktyEdukacyjne, NumerSemestru, 
   DataRozpoczecia, GodzinaRozpoczecia, CzasTrwania, PlanNaPoniedzialek, 
   PlanNaWtorek, PlanNaSrode, PlanNaCzwartek, 
   PlanNaPiatek, PlanNaSobote)
  VALUES (5089, 52, 1624, 5, 2, '2018-01-16', '16:00:00', 
   50, 0, 1, 1, 1, 1, 1);
INSERT INTO Zajecia
  (IDZajec, IDPrzedmiotu, IDSali, PunktyEdukacyjne, NumerSemestru, 
   DataRozpoczecia, GodzinaRozpoczecia, CzasTrwania, PlanNaPoniedzialek, 
   PlanNaWtorek, PlanNaSrode, PlanNaCzwartek, 
   PlanNaPiatek, PlanNaSobote)
  VALUES (5103, 53, 1624, 5, 2, '2018-01-15', '11:00:00', 
   50, 1, 1, 1, 1, 1, 0);
INSERT INTO Zajecia
  (IDZajec, IDPrzedmiotu, IDSali, PunktyEdukacyjne, NumerSemestru, 
   DataRozpoczecia, GodzinaRozpoczecia, CzasTrwania, PlanNaPoniedzialek, 
   PlanNaWtorek, PlanNaSrode, PlanNaCzwartek, 
   PlanNaPiatek, PlanNaSobote)
  VALUES (5213, 17, 1532, 5, 2, '2018-01-15', '10:00:00', 
   140, 1, 0, 1, 0, 0, 0);
INSERT INTO Zajecia
  (IDZajec, IDPrzedmiotu, IDSali, PunktyEdukacyjne, NumerSemestru, 
   DataRozpoczecia, GodzinaRozpoczecia, CzasTrwania, PlanNaPoniedzialek, 
   PlanNaWtorek, PlanNaSrode, PlanNaCzwartek, 
   PlanNaPiatek, PlanNaSobote)
  VALUES (5223, 18, 1532, 5, 2, '2018-01-15', '12:00:00', 
   50, 1, 1, 1, 1, 1, 0);
INSERT INTO Zajecia
  (IDZajec, IDPrzedmiotu, IDSali, PunktyEdukacyjne, NumerSemestru, 
   DataRozpoczecia, GodzinaRozpoczecia, CzasTrwania, PlanNaPoniedzialek, 
   PlanNaWtorek, PlanNaSrode, PlanNaCzwartek, 
   PlanNaPiatek, PlanNaSobote)
  VALUES (5245, 19, 1530, 5, 2, '2018-01-15', '13:30:00', 
   140, 1, 0, 1, 0, 0, 0);
INSERT INTO Zajecia
  (IDZajec, IDPrzedmiotu, IDSali, PunktyEdukacyjne, NumerSemestru, 
   DataRozpoczecia, GodzinaRozpoczecia, CzasTrwania, PlanNaPoniedzialek, 
   PlanNaWtorek, PlanNaSrode, PlanNaCzwartek, 
   PlanNaPiatek, PlanNaSobote)
  VALUES (5410, 23, 1640, 4, 2, '2018-01-16', '10:00:00', 
   110, 0, 1, 0, 1, 0, 0);
INSERT INTO Zajecia
  (IDZajec, IDPrzedmiotu, IDSali, PunktyEdukacyjne, NumerSemestru, 
   DataRozpoczecia, GodzinaRozpoczecia, CzasTrwania, PlanNaPoniedzialek, 
   PlanNaWtorek, PlanNaSrode, PlanNaCzwartek, 
   PlanNaPiatek, PlanNaSobote)
  VALUES (5420, 24, 1641, 4, 2, '2018-01-15', '13:00:00', 
   50, 1, 0, 1, 0, 1, 1);
INSERT INTO Zajecia
  (IDZajec, IDPrzedmiotu, IDSali, PunktyEdukacyjne, NumerSemestru, 
   DataRozpoczecia, GodzinaRozpoczecia, CzasTrwania, PlanNaPoniedzialek, 
   PlanNaWtorek, PlanNaSrode, PlanNaCzwartek, 
   PlanNaPiatek, PlanNaSobote)
  VALUES (5430, 25, 1642, 4, 2, '2018-01-15', '15:00:00', 
   50, 1, 1, 0, 1, 0, 1);
INSERT INTO Zajecia
  (IDZajec, IDPrzedmiotu, IDSali, PunktyEdukacyjne, NumerSemestru, 
   DataRozpoczecia, GodzinaRozpoczecia, CzasTrwania, PlanNaPoniedzialek, 
   PlanNaWtorek, PlanNaSrode, PlanNaCzwartek, 
   PlanNaPiatek, PlanNaSobote)
  VALUES (5431, 27, 3322, 5, 2, '2018-01-15', '14:00:00', 
   50, 1, 1, 1, 1, 1, 0);
INSERT INTO Zajecia
  (IDZajec, IDPrzedmiotu, IDSali, PunktyEdukacyjne, NumerSemestru, 
   DataRozpoczecia, GodzinaRozpoczecia, CzasTrwania, PlanNaPoniedzialek, 
   PlanNaWtorek, PlanNaSrode, PlanNaCzwartek, 
   PlanNaPiatek, PlanNaSobote)
  VALUES (5451, 27, 1639, 5, 2, '2018-01-15', '16:00:00', 
   50, 1, 1, 1, 1, 1, 0);
INSERT INTO Zajecia
  (IDZajec, IDPrzedmiotu, IDSali, PunktyEdukacyjne, NumerSemestru, 
   DataRozpoczecia, GodzinaRozpoczecia, CzasTrwania, PlanNaPoniedzialek, 
   PlanNaWtorek, PlanNaSrode, PlanNaCzwartek, 
   PlanNaPiatek, PlanNaSobote)
  VALUES (5500, 1, 3305, 3, 2, '2018-01-15', '16:00:00', 
   50, 1, 0, 1, 0, 1, 0);
INSERT INTO Zajecia
  (IDZajec, IDPrzedmiotu, IDSali, PunktyEdukacyjne, NumerSemestru, 
   DataRozpoczecia, GodzinaRozpoczecia, CzasTrwania, PlanNaPoniedzialek, 
   PlanNaWtorek, PlanNaSrode, PlanNaCzwartek, 
   PlanNaPiatek, PlanNaSobote)
  VALUES (5510, 2, 3307, 3, 2, '2018-01-16', '13:00:00', 
   80, 0, 1, 0, 1, 0, 0);
INSERT INTO Zajecia
  (IDZajec, IDPrzedmiotu, IDSali, PunktyEdukacyjne, NumerSemestru, 
   DataRozpoczecia, GodzinaRozpoczecia, CzasTrwania, PlanNaPoniedzialek, 
   PlanNaWtorek, PlanNaSrode, PlanNaCzwartek, 
   PlanNaPiatek, PlanNaSobote)
  VALUES (5520, 3, 3309, 3, 2, '2018-01-16', '09:00:00', 
   50, 0, 1, 0, 1, 0, 1);
INSERT INTO Zajecia
  (IDZajec, IDPrzedmiotu, IDSali, PunktyEdukacyjne, NumerSemestru, 
   DataRozpoczecia, GodzinaRozpoczecia, CzasTrwania, PlanNaPoniedzialek, 
   PlanNaWtorek, PlanNaSrode, PlanNaCzwartek, 
   PlanNaPiatek, PlanNaSobote)
  VALUES (5633, 48, 3420, 5, 2, '2018-01-16', '16:00:00', 
   50, 0, 1, 1, 1, 1, 1);
INSERT INTO Zajecia
  (IDZajec, IDPrzedmiotu, IDSali, PunktyEdukacyjne, NumerSemestru, 
   DataRozpoczecia, GodzinaRozpoczecia, CzasTrwania, PlanNaPoniedzialek, 
   PlanNaWtorek, PlanNaSrode, PlanNaCzwartek, 
   PlanNaPiatek, PlanNaSobote)
  VALUES (5639, 49, 3353, 3, 2, '2018-01-15', '09:00:00', 
   50, 1, 0, 1, 0, 1, 0);
INSERT INTO Zajecia
  (IDZajec, IDPrzedmiotu, IDSali, PunktyEdukacyjne, NumerSemestru, 
   DataRozpoczecia, GodzinaRozpoczecia, CzasTrwania, PlanNaPoniedzialek, 
   PlanNaWtorek, PlanNaSrode, PlanNaCzwartek, 
   PlanNaPiatek, PlanNaSobote)
  VALUES (5647, 49, 3353, 3, 2, '2018-01-16', '18:00:00', 
   50, 0, 1, 0, 1, 0, 1);
INSERT INTO Zajecia
  (IDZajec, IDPrzedmiotu, IDSali, PunktyEdukacyjne, NumerSemestru, 
   DataRozpoczecia, GodzinaRozpoczecia, CzasTrwania, PlanNaPoniedzialek, 
   PlanNaWtorek, PlanNaSrode, PlanNaCzwartek, 
   PlanNaPiatek, PlanNaSobote)
  VALUES (5889, 45, 2423, 5, 2, '2018-01-15', '16:00:00', 
   50, 1, 1, 1, 1, 1, 0);
INSERT INTO Zajecia
  (IDZajec, IDPrzedmiotu, IDSali, PunktyEdukacyjne, NumerSemestru, 
   DataRozpoczecia, GodzinaRozpoczecia, CzasTrwania, PlanNaPoniedzialek, 
   PlanNaWtorek, PlanNaSrode, PlanNaCzwartek, 
   PlanNaPiatek, PlanNaSobote)
  VALUES (5891, 45, 2423, 5, 2, '2018-01-15', '11:00:00', 
   50, 1, 1, 1, 1, 1, 0);
INSERT INTO Zajecia
  (IDZajec, IDPrzedmiotu, IDSali, PunktyEdukacyjne, NumerSemestru, 
   DataRozpoczecia, GodzinaRozpoczecia, CzasTrwania, PlanNaPoniedzialek, 
   PlanNaWtorek, PlanNaSrode, PlanNaCzwartek, 
   PlanNaPiatek, PlanNaSobote)
  VALUES (5895, 45, 2423, 5, 2, '2018-01-15', '13:00:00', 
   50, 1, 1, 1, 1, 1, 0);
INSERT INTO Zajecia
  (IDZajec, IDPrzedmiotu, IDSali, PunktyEdukacyjne, NumerSemestru, 
   DataRozpoczecia, GodzinaRozpoczecia, CzasTrwania, PlanNaPoniedzialek, 
   PlanNaWtorek, PlanNaSrode, PlanNaCzwartek, 
   PlanNaPiatek, PlanNaSobote)
  VALUES (5907, 46, 3445, 5, 2, '2018-01-15', '08:00:00', 
   50, 1, 1, 1, 1, 1, 0);
INSERT INTO Zajecia
  (IDZajec, IDPrzedmiotu, IDSali, PunktyEdukacyjne, NumerSemestru, 
   DataRozpoczecia, GodzinaRozpoczecia, CzasTrwania, PlanNaPoniedzialek, 
   PlanNaWtorek, PlanNaSrode, PlanNaCzwartek, 
   PlanNaPiatek, PlanNaSobote)
  VALUES (5911, 46, 3445, 5, 2, '2018-01-15', '12:00:00', 
   50, 1, 1, 1, 1, 1, 0);
INSERT INTO Zajecia
  (IDZajec, IDPrzedmiotu, IDSali, PunktyEdukacyjne, NumerSemestru, 
   DataRozpoczecia, GodzinaRozpoczecia, CzasTrwania, PlanNaPoniedzialek, 
   PlanNaWtorek, PlanNaSrode, PlanNaCzwartek, 
   PlanNaPiatek, PlanNaSobote)
  VALUES (5915, 46, 3353, 5, 2, '2018-01-15', '10:00:00', 
   50, 1, 1, 1, 1, 1, 0);
INSERT INTO Zajecia
  (IDZajec, IDPrzedmiotu, IDSali, PunktyEdukacyjne, NumerSemestru, 
   DataRozpoczecia, GodzinaRozpoczecia, CzasTrwania, PlanNaPoniedzialek, 
   PlanNaWtorek, PlanNaSrode, PlanNaCzwartek, 
   PlanNaPiatek, PlanNaSobote)
  VALUES (5917, 47, 3422, 5, 2, '2018-01-15', '14:00:00', 
   50, 1, 1, 1, 1, 1, 0);
INSERT INTO Zajecia
  (IDZajec, IDPrzedmiotu, IDSali, PunktyEdukacyjne, NumerSemestru, 
   DataRozpoczecia, GodzinaRozpoczecia, CzasTrwania, PlanNaPoniedzialek, 
   PlanNaWtorek, PlanNaSrode, PlanNaCzwartek, 
   PlanNaPiatek, PlanNaSobote)
  VALUES (5925, 47, 3422, 5, 2, '2018-01-15', '15:00:00', 
   50, 1, 1, 1, 1, 1, 0);
INSERT INTO Zajecia
  (IDZajec, IDPrzedmiotu, IDSali, PunktyEdukacyjne, NumerSemestru, 
   DataRozpoczecia, GodzinaRozpoczecia, CzasTrwania, PlanNaPoniedzialek, 
   PlanNaWtorek, PlanNaSrode, PlanNaCzwartek, 
   PlanNaPiatek, PlanNaSobote)
  VALUES (5933, 47, 3422, 5, 2, '2018-01-20', '09:00:00', 
   280, 0, 0, 0, 0, 0, 1);
INSERT INTO Zajecia
  (IDZajec, IDPrzedmiotu, IDSali, PunktyEdukacyjne, NumerSemestru, 
   DataRozpoczecia, GodzinaRozpoczecia, CzasTrwania, PlanNaPoniedzialek, 
   PlanNaWtorek, PlanNaSrode, PlanNaCzwartek, 
   PlanNaPiatek, PlanNaSobote)
  VALUES (6030, 30, 3352, 5, 2, '2018-01-15', '09:00:00', 
   140, 1, 0, 0, 0, 1, 0);
INSERT INTO Zajecia
  (IDZajec, IDPrzedmiotu, IDSali, PunktyEdukacyjne, NumerSemestru, 
   DataRozpoczecia, GodzinaRozpoczecia, CzasTrwania, PlanNaPoniedzialek, 
   PlanNaWtorek, PlanNaSrode, PlanNaCzwartek, 
   PlanNaPiatek, PlanNaSobote)
  VALUES (6031, 30, 3352, 5, 2, '2018-01-15', '13:30:00', 
   140, 1, 0, 1, 0, 0, 0);
INSERT INTO Zajecia
  (IDZajec, IDPrzedmiotu, IDSali, PunktyEdukacyjne, NumerSemestru, 
   DataRozpoczecia, GodzinaRozpoczecia, CzasTrwania, PlanNaPoniedzialek, 
   PlanNaWtorek, PlanNaSrode, PlanNaCzwartek, 
   PlanNaPiatek, PlanNaSobote)
  VALUES (6040, 31, 3352, 5, 2, '2018-01-15', '11:00:00', 
   50, 1, 1, 1, 1, 1, 0);
INSERT INTO Zajecia
  (IDZajec, IDPrzedmiotu, IDSali, PunktyEdukacyjne, NumerSemestru, 
   DataRozpoczecia, GodzinaRozpoczecia, CzasTrwania, PlanNaPoniedzialek, 
   PlanNaWtorek, PlanNaSrode, PlanNaCzwartek, 
   PlanNaPiatek, PlanNaSobote)
  VALUES (6045, 31, 3352, 5, 2, '2018-01-15', '12:00:00', 
   50, 1, 1, 1, 1, 1, 0);
INSERT INTO Zajecia
  (IDZajec, IDPrzedmiotu, IDSali, PunktyEdukacyjne, NumerSemestru, 
   DataRozpoczecia, GodzinaRozpoczecia, CzasTrwania, PlanNaPoniedzialek, 
   PlanNaWtorek, PlanNaSrode, PlanNaCzwartek, 
   PlanNaPiatek, PlanNaSobote)
  VALUES (6050, 32, 3343, 5, 2, '2018-01-15', '16:00:00', 
   50, 1, 1, 1, 1, 1, 0);
INSERT INTO Zajecia
  (IDZajec, IDPrzedmiotu, IDSali, PunktyEdukacyjne, NumerSemestru, 
   DataRozpoczecia, GodzinaRozpoczecia, CzasTrwania, PlanNaPoniedzialek, 
   PlanNaWtorek, PlanNaSrode, PlanNaCzwartek, 
   PlanNaPiatek, PlanNaSobote)
  VALUES (6055, 32, 3317, 5, 2, '2018-01-15', '15:00:00', 
   50, 1, 1, 1, 1, 1, 0);
INSERT INTO Zajecia
  (IDZajec, IDPrzedmiotu, IDSali, PunktyEdukacyjne, NumerSemestru, 
   DataRozpoczecia, GodzinaRozpoczecia, CzasTrwania, PlanNaPoniedzialek, 
   PlanNaWtorek, PlanNaSrode, PlanNaCzwartek, 
   PlanNaPiatek, PlanNaSobote)
  VALUES (6065, 40, 3345, 5, 2, '2018-01-15', '08:00:00', 
   140, 1, 0, 1, 0, 0, 0);
INSERT INTO Zajecia
  (IDZajec, IDPrzedmiotu, IDSali, PunktyEdukacyjne, NumerSemestru, 
   DataRozpoczecia, GodzinaRozpoczecia, CzasTrwania, PlanNaPoniedzialek, 
   PlanNaWtorek, PlanNaSrode, PlanNaCzwartek, 
   PlanNaPiatek, PlanNaSobote)
  VALUES (6070, 42, 3346, 5, 2, '2018-01-15', '10:30:00', 
   140, 1, 0, 0, 0, 1, 0);
INSERT INTO Zajecia
  (IDZajec, IDPrzedmiotu, IDSali, PunktyEdukacyjne, NumerSemestru, 
   DataRozpoczecia, GodzinaRozpoczecia, CzasTrwania, PlanNaPoniedzialek, 
   PlanNaWtorek, PlanNaSrode, PlanNaCzwartek, 
   PlanNaPiatek, PlanNaSobote)
  VALUES (6082, 44, 3346, 5, 2, '2018-01-15', '08:00:00', 
   50, 1, 1, 1, 1, 1, 0);
INSERT INTO Zajecia
  (IDZajec, IDPrzedmiotu, IDSali, PunktyEdukacyjne, NumerSemestru, 
   DataRozpoczecia, GodzinaRozpoczecia, CzasTrwania, PlanNaPoniedzialek, 
   PlanNaWtorek, PlanNaSrode, PlanNaCzwartek, 
   PlanNaPiatek, PlanNaSobote)
  VALUES (6085, 43, 3346, 5, 2, '2018-01-15', '15:00:00', 
   50, 1, 1, 1, 1, 1, 0);
INSERT INTO Zajecia
  (IDZajec, IDPrzedmiotu, IDSali, PunktyEdukacyjne, NumerSemestru, 
   DataRozpoczecia, GodzinaRozpoczecia, CzasTrwania, PlanNaPoniedzialek, 
   PlanNaWtorek, PlanNaSrode, PlanNaCzwartek, 
   PlanNaPiatek, PlanNaSobote)
  VALUES (6090, 44, 3346, 5, 2, '2018-01-15', '13:30:00', 
   140, 1, 0, 1, 0, 1, 0);
INSERT INTO Zajecia
  (IDZajec, IDPrzedmiotu, IDSali, PunktyEdukacyjne, NumerSemestru, 
   DataRozpoczecia, GodzinaRozpoczecia, CzasTrwania, PlanNaPoniedzialek, 
   PlanNaWtorek, PlanNaSrode, PlanNaCzwartek, 
   PlanNaPiatek, PlanNaSobote)
  VALUES (6115, 54, 3352, 5, 2, '2018-01-15', '08:00:00', 
   50, 1, 1, 1, 1, 1, 0);
INSERT INTO Zajecia
  (IDZajec, IDPrzedmiotu, IDSali, PunktyEdukacyjne, NumerSemestru, 
   DataRozpoczecia, GodzinaRozpoczecia, CzasTrwania, PlanNaPoniedzialek, 
   PlanNaWtorek, PlanNaSrode, PlanNaCzwartek, 
   PlanNaPiatek, PlanNaSobote)
  VALUES (6120, 54, 3352, 5, 2, '2018-01-15', '10:00:00', 
   50, 1, 1, 1, 1, 1, 0);
INSERT INTO Zajecia
  (IDZajec, IDPrzedmiotu, IDSali, PunktyEdukacyjne, NumerSemestru, 
   DataRozpoczecia, GodzinaRozpoczecia, CzasTrwania, PlanNaPoniedzialek, 
   PlanNaWtorek, PlanNaSrode, PlanNaCzwartek, 
   PlanNaPiatek, PlanNaSobote)
  VALUES (6123, 56, 3346, 5, 2, '2018-01-15', '12:00:00', 
   140, 1, 0, 0, 0, 1, 0);
INSERT INTO Zajecia
  (IDZajec, IDPrzedmiotu, IDSali, PunktyEdukacyjne, NumerSemestru, 
   DataRozpoczecia, GodzinaRozpoczecia, CzasTrwania, PlanNaPoniedzialek, 
   PlanNaWtorek, PlanNaSrode, PlanNaCzwartek, 
   PlanNaPiatek, PlanNaSobote)
  VALUES (6600, 41, 3420, 5, 2, '2018-01-15', '13:00:00', 
   140, 1, 0, 1, 0, 0, 0);
 
INSERT INTO Zajecia_wykladowcow
  (IDZajec, IDPracownika)
  VALUES (1000, 98014);
INSERT INTO Zajecia_wykladowcow
  (IDZajec, IDPracownika)
  VALUES (1002, 98036);
INSERT INTO Zajecia_wykladowcow
  (IDZajec, IDPracownika)
  VALUES (1004, 98019);
INSERT INTO Zajecia_wykladowcow
  (IDZajec, IDPracownika)
  VALUES (1006, 98045);
INSERT INTO Zajecia_wykladowcow
  (IDZajec, IDPracownika)
  VALUES (1012, 98030);
INSERT INTO Zajecia_wykladowcow
  (IDZajec, IDPracownika)
  VALUES (1020, 98028);
INSERT INTO Zajecia_wykladowcow
  (IDZajec, IDPracownika)
  VALUES (1030, 98036);
INSERT INTO Zajecia_wykladowcow
  (IDZajec, IDPracownika)
  VALUES (1031, 98005);
INSERT INTO Zajecia_wykladowcow
  (IDZajec, IDPracownika)
  VALUES (1156, 98055);
INSERT INTO Zajecia_wykladowcow
  (IDZajec, IDPracownika)
  VALUES (1162, 98064);
INSERT INTO Zajecia_wykladowcow
  (IDZajec, IDPracownika)
  VALUES (1168, 98055);
INSERT INTO Zajecia_wykladowcow
  (IDZajec, IDPracownika)
  VALUES (1180, 98011);
INSERT INTO Zajecia_wykladowcow
  (IDZajec, IDPracownika)
  VALUES (1183, 98005);
INSERT INTO Zajecia_wykladowcow
  (IDZajec, IDPracownika)
  VALUES (1184, 98011);
INSERT INTO Zajecia_wykladowcow
  (IDZajec, IDPracownika)
  VALUES (1196, 98028);
INSERT INTO Zajecia_wykladowcow
  (IDZajec, IDPracownika)
  VALUES (1500, 98028);
INSERT INTO Zajecia_wykladowcow
  (IDZajec, IDPracownika)
  VALUES (1502, 98036);
INSERT INTO Zajecia_wykladowcow
  (IDZajec, IDPracownika)
  VALUES (1560, 98028);
INSERT INTO Zajecia_wykladowcow
  (IDZajec, IDPracownika)
  VALUES (1562, 98036);
INSERT INTO Zajecia_wykladowcow
  (IDZajec, IDPracownika)
  VALUES (2001, 98020);
INSERT INTO Zajecia_wykladowcow
  (IDZajec, IDPracownika)
  VALUES (2005, 98063);
INSERT INTO Zajecia_wykladowcow
  (IDZajec, IDPracownika)
  VALUES (2015, 98053);
INSERT INTO Zajecia_wykladowcow
  (IDZajec, IDPracownika)
  VALUES (2051, 98020);
INSERT INTO Zajecia_wykladowcow
  (IDZajec, IDPracownika)
  VALUES (2071, 98020);
INSERT INTO Zajecia_wykladowcow
  (IDZajec, IDPracownika)
  VALUES (2075, 98053);
INSERT INTO Zajecia_wykladowcow
  (IDZajec, IDPracownika)
  VALUES (2089, 98052);
INSERT INTO Zajecia_wykladowcow
  (IDZajec, IDPracownika)
  VALUES (2103, 98053);
INSERT INTO Zajecia_wykladowcow
  (IDZajec, IDPracownika)
  VALUES (2213, 98052);
INSERT INTO Zajecia_wykladowcow
  (IDZajec, IDPracownika)
  VALUES (2223, 98053);
INSERT INTO Zajecia_wykladowcow
  (IDZajec, IDPracownika)
  VALUES (2245, 98063);
INSERT INTO Zajecia_wykladowcow
  (IDZajec, IDPracownika)
  VALUES (2410, 98013);
INSERT INTO Zajecia_wykladowcow
  (IDZajec, IDPracownika)
  VALUES (2420, 98007);
INSERT INTO Zajecia_wykladowcow
  (IDZajec, IDPracownika)
  VALUES (2430, 98040);
INSERT INTO Zajecia_wykladowcow
  (IDZajec, IDPracownika)
  VALUES (2431, 98012);
INSERT INTO Zajecia_wykladowcow
  (IDZajec, IDPracownika)
  VALUES (2451, 98040);
INSERT INTO Zajecia_wykladowcow
  (IDZajec, IDPracownika)
  VALUES (2500, 98012);
INSERT INTO Zajecia_wykladowcow
  (IDZajec, IDPracownika)
  VALUES (2510, 98007);
INSERT INTO Zajecia_wykladowcow
  (IDZajec, IDPracownika)
  VALUES (2520, 98055);
INSERT INTO Zajecia_wykladowcow
  (IDZajec, IDPracownika)
  VALUES (2633, 98030);
INSERT INTO Zajecia_wykladowcow
  (IDZajec, IDPracownika)
  VALUES (2639, 98011);
INSERT INTO Zajecia_wykladowcow
  (IDZajec, IDPracownika)
  VALUES (2647, 98011);
INSERT INTO Zajecia_wykladowcow
  (IDZajec, IDPracownika)
  VALUES (2889, 98040);
INSERT INTO Zajecia_wykladowcow
  (IDZajec, IDPracownika)
  VALUES (2891, 98012);
INSERT INTO Zajecia_wykladowcow
  (IDZajec, IDPracownika)
  VALUES (2895, 98013);
INSERT INTO Zajecia_wykladowcow
  (IDZajec, IDPracownika)
  VALUES (2907, 98013);
INSERT INTO Zajecia_wykladowcow
  (IDZajec, IDPracownika)
  VALUES (2911, 98013);
INSERT INTO Zajecia_wykladowcow
  (IDZajec, IDPracownika)
  VALUES (2915, 98013);
INSERT INTO Zajecia_wykladowcow
  (IDZajec, IDPracownika)
  VALUES (2917, 98025);
INSERT INTO Zajecia_wykladowcow
  (IDZajec, IDPracownika)
  VALUES (2925, 98019);
INSERT INTO Zajecia_wykladowcow
  (IDZajec, IDPracownika)
  VALUES (2933, 98025);
INSERT INTO Zajecia_wykladowcow
  (IDZajec, IDPracownika)
  VALUES (3030, 98048);
INSERT INTO Zajecia_wykladowcow
  (IDZajec, IDPracownika)
  VALUES (3031, 98030);
INSERT INTO Zajecia_wykladowcow
  (IDZajec, IDPracownika)
  VALUES (3040, 98059);
INSERT INTO Zajecia_wykladowcow
  (IDZajec, IDPracownika)
  VALUES (3045, 98042);
INSERT INTO Zajecia_wykladowcow
  (IDZajec, IDPracownika)
  VALUES (3050, 98012);
INSERT INTO Zajecia_wykladowcow
  (IDZajec, IDPracownika)
  VALUES (3055, 98012);
INSERT INTO Zajecia_wykladowcow
  (IDZajec, IDPracownika)
  VALUES (3065, 98042);
INSERT INTO Zajecia_wykladowcow
  (IDZajec, IDPracownika)
  VALUES (3070, 98030);
INSERT INTO Zajecia_wykladowcow
  (IDZajec, IDPracownika)
  VALUES (3082, 98030);
INSERT INTO Zajecia_wykladowcow
  (IDZajec, IDPracownika)
  VALUES (3085, 98059);
INSERT INTO Zajecia_wykladowcow
  (IDZajec, IDPracownika)
  VALUES (3090, 98014);
INSERT INTO Zajecia_wykladowcow
  (IDZajec, IDPracownika)
  VALUES (3115, 98048);
INSERT INTO Zajecia_wykladowcow
  (IDZajec, IDPracownika)
  VALUES (3120, 98059);
INSERT INTO Zajecia_wykladowcow
  (IDZajec, IDPracownika)
  VALUES (3123, 98059);
INSERT INTO Zajecia_wykladowcow
  (IDZajec, IDPracownika)
  VALUES (3600, 98042);
INSERT INTO Zajecia_wykladowcow
  (IDZajec, IDPracownika)
  VALUES (4000, 98014);
INSERT INTO Zajecia_wykladowcow
  (IDZajec, IDPracownika)
  VALUES (4002, 98036);
INSERT INTO Zajecia_wykladowcow
  (IDZajec, IDPracownika)
  VALUES (4004, 98019);
INSERT INTO Zajecia_wykladowcow
  (IDZajec, IDPracownika)
  VALUES (4006, 98045);
INSERT INTO Zajecia_wykladowcow
  (IDZajec, IDPracownika)
  VALUES (4012, 98030);
INSERT INTO Zajecia_wykladowcow
  (IDZajec, IDPracownika)
  VALUES (4020, 98028);
INSERT INTO Zajecia_wykladowcow
  (IDZajec, IDPracownika)
  VALUES (4030, 98036);
INSERT INTO Zajecia_wykladowcow
  (IDZajec, IDPracownika)
  VALUES (4031, 98005);
INSERT INTO Zajecia_wykladowcow
  (IDZajec, IDPracownika)
  VALUES (4156, 98055);
INSERT INTO Zajecia_wykladowcow
  (IDZajec, IDPracownika)
  VALUES (4162, 98064);
INSERT INTO Zajecia_wykladowcow
  (IDZajec, IDPracownika)
  VALUES (4168, 98055);
INSERT INTO Zajecia_wykladowcow
  (IDZajec, IDPracownika)
  VALUES (4180, 98011);
INSERT INTO Zajecia_wykladowcow
  (IDZajec, IDPracownika)
  VALUES (4183, 98005);
INSERT INTO Zajecia_wykladowcow
  (IDZajec, IDPracownika)
  VALUES (4184, 98011);
INSERT INTO Zajecia_wykladowcow
  (IDZajec, IDPracownika)
  VALUES (4196, 98028);
INSERT INTO Zajecia_wykladowcow
  (IDZajec, IDPracownika)
  VALUES (4500, 98028);
INSERT INTO Zajecia_wykladowcow
  (IDZajec, IDPracownika)
  VALUES (4502, 98036);
INSERT INTO Zajecia_wykladowcow
  (IDZajec, IDPracownika)
  VALUES (4560, 98028);
INSERT INTO Zajecia_wykladowcow
  (IDZajec, IDPracownika)
  VALUES (4562, 98036);
INSERT INTO Zajecia_wykladowcow
  (IDZajec, IDPracownika)
  VALUES (5001, 98020);
INSERT INTO Zajecia_wykladowcow
  (IDZajec, IDPracownika)
  VALUES (5005, 98063);
INSERT INTO Zajecia_wykladowcow
  (IDZajec, IDPracownika)
  VALUES (5015, 98053);
INSERT INTO Zajecia_wykladowcow
  (IDZajec, IDPracownika)
  VALUES (5051, 98020);
INSERT INTO Zajecia_wykladowcow
  (IDZajec, IDPracownika)
  VALUES (5071, 98020);
INSERT INTO Zajecia_wykladowcow
  (IDZajec, IDPracownika)
  VALUES (5075, 98053);
INSERT INTO Zajecia_wykladowcow
  (IDZajec, IDPracownika)
  VALUES (5089, 98052);
INSERT INTO Zajecia_wykladowcow
  (IDZajec, IDPracownika)
  VALUES (5103, 98053);
INSERT INTO Zajecia_wykladowcow
  (IDZajec, IDPracownika)
  VALUES (5213, 98052);
INSERT INTO Zajecia_wykladowcow
  (IDZajec, IDPracownika)
  VALUES (5223, 98053);
INSERT INTO Zajecia_wykladowcow
  (IDZajec, IDPracownika)
  VALUES (5245, 98063);
INSERT INTO Zajecia_wykladowcow
  (IDZajec, IDPracownika)
  VALUES (5410, 98013);
INSERT INTO Zajecia_wykladowcow
  (IDZajec, IDPracownika)
  VALUES (5420, 98007);
INSERT INTO Zajecia_wykladowcow
  (IDZajec, IDPracownika)
  VALUES (5430, 98040);
INSERT INTO Zajecia_wykladowcow
  (IDZajec, IDPracownika)
  VALUES (5431, 98012);
INSERT INTO Zajecia_wykladowcow
  (IDZajec, IDPracownika)
  VALUES (5451, 98040);
INSERT INTO Zajecia_wykladowcow
  (IDZajec, IDPracownika)
  VALUES (5500, 98012);
INSERT INTO Zajecia_wykladowcow
  (IDZajec, IDPracownika)
  VALUES (5510, 98007);
INSERT INTO Zajecia_wykladowcow
  (IDZajec, IDPracownika)
  VALUES (5520, 98055);
INSERT INTO Zajecia_wykladowcow
  (IDZajec, IDPracownika)
  VALUES (5633, 98030);
INSERT INTO Zajecia_wykladowcow
  (IDZajec, IDPracownika)
  VALUES (5639, 98011);
INSERT INTO Zajecia_wykladowcow
  (IDZajec, IDPracownika)
  VALUES (5647, 98011);
INSERT INTO Zajecia_wykladowcow
  (IDZajec, IDPracownika)
  VALUES (5889, 98040);
INSERT INTO Zajecia_wykladowcow
  (IDZajec, IDPracownika)
  VALUES (5891, 98012);
INSERT INTO Zajecia_wykladowcow
  (IDZajec, IDPracownika)
  VALUES (5895, 98013);
INSERT INTO Zajecia_wykladowcow
  (IDZajec, IDPracownika)
  VALUES (5907, 98013);
INSERT INTO Zajecia_wykladowcow
  (IDZajec, IDPracownika)
  VALUES (5911, 98013);
INSERT INTO Zajecia_wykladowcow
  (IDZajec, IDPracownika)
  VALUES (5915, 98013);
INSERT INTO Zajecia_wykladowcow
  (IDZajec, IDPracownika)
  VALUES (5917, 98025);
INSERT INTO Zajecia_wykladowcow
  (IDZajec, IDPracownika)
  VALUES (5925, 98019);
INSERT INTO Zajecia_wykladowcow
  (IDZajec, IDPracownika)
  VALUES (5933, 98025);
INSERT INTO Zajecia_wykladowcow
  (IDZajec, IDPracownika)
  VALUES (6030, 98048);
INSERT INTO Zajecia_wykladowcow
  (IDZajec, IDPracownika)
  VALUES (6031, 98030);
INSERT INTO Zajecia_wykladowcow
  (IDZajec, IDPracownika)
  VALUES (6040, 98059);
INSERT INTO Zajecia_wykladowcow
  (IDZajec, IDPracownika)
  VALUES (6045, 98042);
INSERT INTO Zajecia_wykladowcow
  (IDZajec, IDPracownika)
  VALUES (6050, 98012);
INSERT INTO Zajecia_wykladowcow
  (IDZajec, IDPracownika)
  VALUES (6055, 98012);
INSERT INTO Zajecia_wykladowcow
  (IDZajec, IDPracownika)
  VALUES (6065, 98042);
INSERT INTO Zajecia_wykladowcow
  (IDZajec, IDPracownika)
  VALUES (6070, 98030);
INSERT INTO Zajecia_wykladowcow
  (IDZajec, IDPracownika)
  VALUES (6082, 98030);
INSERT INTO Zajecia_wykladowcow
  (IDZajec, IDPracownika)
  VALUES (6085, 98059);
INSERT INTO Zajecia_wykladowcow
  (IDZajec, IDPracownika)
  VALUES (6090, 98014);
INSERT INTO Zajecia_wykladowcow
  (IDZajec, IDPracownika)
  VALUES (6115, 98048);
INSERT INTO Zajecia_wykladowcow
  (IDZajec, IDPracownika)
  VALUES (6120, 98059);
INSERT INTO Zajecia_wykladowcow
  (IDZajec, IDPracownika)
  VALUES (6123, 98059);
INSERT INTO Zajecia_wykladowcow
  (IDZajec, IDPracownika)
  VALUES (6600, 98042);
 
INSERT INTO Grafik_studenta
  (IDStudenta, IDZajec, StatusZajec, Ocena)
  VALUES (1001, 1000, 2, 99.83);
INSERT INTO Grafik_studenta
  (IDStudenta, IDZajec, StatusZajec, Ocena)
  VALUES (1001, 1168, 2, 70);
INSERT INTO Grafik_studenta
  (IDStudenta, IDZajec, StatusZajec, Ocena)
  VALUES (1001, 2907, 2, 67.33);
INSERT INTO Grafik_studenta
  (IDStudenta, IDZajec, StatusZajec, Ocena)
  VALUES (1001, 3085, 2, 87.14);
INSERT INTO Grafik_studenta
  (IDStudenta, IDZajec, StatusZajec, Ocena)
  VALUES (1001, 4180, 1, 0);
INSERT INTO Grafik_studenta
  (IDStudenta, IDZajec, StatusZajec, Ocena)
  VALUES (1001, 5917, 1, 0);
INSERT INTO Grafik_studenta
  (IDStudenta, IDZajec, StatusZajec, Ocena)
  VALUES (1001, 6082, 1, 0);
INSERT INTO Grafik_studenta
  (IDStudenta, IDZajec, StatusZajec, Ocena)
  VALUES (1002, 1156, 2, 86.33);
INSERT INTO Grafik_studenta
  (IDStudenta, IDZajec, StatusZajec, Ocena)
  VALUES (1002, 1500, 2, 85.72);
INSERT INTO Grafik_studenta
  (IDStudenta, IDZajec, StatusZajec, Ocena)
  VALUES (1002, 2223, 3, 0);
INSERT INTO Grafik_studenta
  (IDStudenta, IDZajec, StatusZajec, Ocena)
  VALUES (1002, 2889, 2, 68.22);
INSERT INTO Grafik_studenta
  (IDStudenta, IDZajec, StatusZajec, Ocena)
  VALUES (1003, 1156, 2, 71.09);
INSERT INTO Grafik_studenta
  (IDStudenta, IDZajec, StatusZajec, Ocena)
  VALUES (1003, 1500, 2, 89.05);
INSERT INTO Grafik_studenta
  (IDStudenta, IDZajec, StatusZajec, Ocena)
  VALUES (1003, 1502, 2, 75.71);
INSERT INTO Grafik_studenta
  (IDStudenta, IDZajec, StatusZajec, Ocena)
  VALUES (1003, 2911, 2, 85.39);
INSERT INTO Grafik_studenta
  (IDStudenta, IDZajec, StatusZajec, Ocena)
  VALUES (1003, 4180, 1, 0);
INSERT INTO Grafik_studenta
  (IDStudenta, IDZajec, StatusZajec, Ocena)
  VALUES (1003, 4560, 1, 0);
INSERT INTO Grafik_studenta
  (IDStudenta, IDZajec, StatusZajec, Ocena)
  VALUES (1003, 6082, 1, 0);
INSERT INTO Grafik_studenta
  (IDStudenta, IDZajec, StatusZajec, Ocena)
  VALUES (1004, 1162, 2, 91.44);
INSERT INTO Grafik_studenta
  (IDStudenta, IDZajec, StatusZajec, Ocena)
  VALUES (1004, 2410, 2, 90.56);
INSERT INTO Grafik_studenta
  (IDStudenta, IDZajec, StatusZajec, Ocena)
  VALUES (1004, 2907, 2, 74.23);
INSERT INTO Grafik_studenta
  (IDStudenta, IDZajec, StatusZajec, Ocena)
  VALUES (1004, 4020, 1, 0);
INSERT INTO Grafik_studenta
  (IDStudenta, IDZajec, StatusZajec, Ocena)
  VALUES (1004, 4180, 1, 0);
INSERT INTO Grafik_studenta
  (IDStudenta, IDZajec, StatusZajec, Ocena)
  VALUES (1004, 5430, 1, 0);
INSERT INTO Grafik_studenta
  (IDStudenta, IDZajec, StatusZajec, Ocena)
  VALUES (1004, 6082, 1, 0);
INSERT INTO Grafik_studenta
  (IDStudenta, IDZajec, StatusZajec, Ocena)
  VALUES (1005, 1000, 2, 82.19);
INSERT INTO Grafik_studenta
  (IDStudenta, IDZajec, StatusZajec, Ocena)
  VALUES (1005, 1180, 2, 81.66);
INSERT INTO Grafik_studenta
  (IDStudenta, IDZajec, StatusZajec, Ocena)
  VALUES (1005, 2500, 2, 80.51);
INSERT INTO Grafik_studenta
  (IDStudenta, IDZajec, StatusZajec, Ocena)
  VALUES (1005, 2907, 2, 94.33);
INSERT INTO Grafik_studenta
  (IDStudenta, IDZajec, StatusZajec, Ocena)
  VALUES (1005, 4196, 1, 0);
INSERT INTO Grafik_studenta
  (IDStudenta, IDZajec, StatusZajec, Ocena)
  VALUES (1005, 5510, 1, 0);
INSERT INTO Grafik_studenta
  (IDStudenta, IDZajec, StatusZajec, Ocena)
  VALUES (1005, 5917, 1, 0);
INSERT INTO Grafik_studenta
  (IDStudenta, IDZajec, StatusZajec, Ocena)
  VALUES (1006, 1000, 2, 73.04);
INSERT INTO Grafik_studenta
  (IDStudenta, IDZajec, StatusZajec, Ocena)
  VALUES (1006, 1030, 2, 69.34);
INSERT INTO Grafik_studenta
  (IDStudenta, IDZajec, StatusZajec, Ocena)
  VALUES (1006, 1156, 2, 98.07);
INSERT INTO Grafik_studenta
  (IDStudenta, IDZajec, StatusZajec, Ocena)
  VALUES (1006, 2895, 2, 69.6);
INSERT INTO Grafik_studenta
  (IDStudenta, IDZajec, StatusZajec, Ocena)
  VALUES (1006, 4002, 1, 0);
INSERT INTO Grafik_studenta
  (IDStudenta, IDZajec, StatusZajec, Ocena)
  VALUES (1006, 4180, 1, 0);
INSERT INTO Grafik_studenta
  (IDStudenta, IDZajec, StatusZajec, Ocena)
  VALUES (1006, 5907, 1, 0);
INSERT INTO Grafik_studenta
  (IDStudenta, IDZajec, StatusZajec, Ocena)
  VALUES (1007, 1180, 2, 72.88);
INSERT INTO Grafik_studenta
  (IDStudenta, IDZajec, StatusZajec, Ocena)
  VALUES (1007, 2015, 2, 66.2);
INSERT INTO Grafik_studenta
  (IDStudenta, IDZajec, StatusZajec, Ocena)
  VALUES (1007, 2500, 2, 91.12);
INSERT INTO Grafik_studenta
  (IDStudenta, IDZajec, StatusZajec, Ocena)
  VALUES (1007, 2907, 2, 65.8);
INSERT INTO Grafik_studenta
  (IDStudenta, IDZajec, StatusZajec, Ocena)
  VALUES (1007, 4196, 1, 0);
INSERT INTO Grafik_studenta
  (IDStudenta, IDZajec, StatusZajec, Ocena)
  VALUES (1007, 5071, 1, 0);
INSERT INTO Grafik_studenta
  (IDStudenta, IDZajec, StatusZajec, Ocena)
  VALUES (1007, 5933, 1, 0);
INSERT INTO Grafik_studenta
  (IDStudenta, IDZajec, StatusZajec, Ocena)
  VALUES (1008, 1000, 2, 89.32);
INSERT INTO Grafik_studenta
  (IDStudenta, IDZajec, StatusZajec, Ocena)
  VALUES (1008, 1168, 2, 97.59);
INSERT INTO Grafik_studenta
  (IDStudenta, IDZajec, StatusZajec, Ocena)
  VALUES (1008, 2907, 2, 88.27);
INSERT INTO Grafik_studenta
  (IDStudenta, IDZajec, StatusZajec, Ocena)
  VALUES (1008, 3085, 2, 67.6);
INSERT INTO Grafik_studenta
  (IDStudenta, IDZajec, StatusZajec, Ocena)
  VALUES (1008, 4180, 1, 0);
INSERT INTO Grafik_studenta
  (IDStudenta, IDZajec, StatusZajec, Ocena)
  VALUES (1008, 5917, 1, 0);
INSERT INTO Grafik_studenta
  (IDStudenta, IDZajec, StatusZajec, Ocena)
  VALUES (1008, 6082, 1, 0);
INSERT INTO Grafik_studenta
  (IDStudenta, IDZajec, StatusZajec, Ocena)
  VALUES (1009, 1156, 2, 72.05);
INSERT INTO Grafik_studenta
  (IDStudenta, IDZajec, StatusZajec, Ocena)
  VALUES (1009, 1500, 2, 71.66);
INSERT INTO Grafik_studenta
  (IDStudenta, IDZajec, StatusZajec, Ocena)
  VALUES (1009, 2223, 2, 93.05);
INSERT INTO Grafik_studenta
  (IDStudenta, IDZajec, StatusZajec, Ocena)
  VALUES (1009, 2889, 2, 70.99);
INSERT INTO Grafik_studenta
  (IDStudenta, IDZajec, StatusZajec, Ocena)
  VALUES (1009, 4183, 1, 0);
INSERT INTO Grafik_studenta
  (IDStudenta, IDZajec, StatusZajec, Ocena)
  VALUES (1009, 4196, 1, 0);
INSERT INTO Grafik_studenta
  (IDStudenta, IDZajec, StatusZajec, Ocena)
  VALUES (1009, 6030, 1, 0);
INSERT INTO Grafik_studenta
  (IDStudenta, IDZajec, StatusZajec, Ocena)
  VALUES (1010, 1156, 2, 87.4);
INSERT INTO Grafik_studenta
  (IDStudenta, IDZajec, StatusZajec, Ocena)
  VALUES (1010, 1500, 2, 97.84);
INSERT INTO Grafik_studenta
  (IDStudenta, IDZajec, StatusZajec, Ocena)
  VALUES (1010, 1502, 2, 86.57);
INSERT INTO Grafik_studenta
  (IDStudenta, IDZajec, StatusZajec, Ocena)
  VALUES (1010, 2911, 3, 0);
INSERT INTO Grafik_studenta
  (IDStudenta, IDZajec, StatusZajec, Ocena)
  VALUES (1011, 1020, 2, 87.65);
INSERT INTO Grafik_studenta
  (IDStudenta, IDZajec, StatusZajec, Ocena)
  VALUES (1011, 1162, 2, 93.01);
INSERT INTO Grafik_studenta
  (IDStudenta, IDZajec, StatusZajec, Ocena)
  VALUES (1011, 2410, 2, 92.36);
INSERT INTO Grafik_studenta
  (IDStudenta, IDZajec, StatusZajec, Ocena)
  VALUES (1011, 2907, 2, 88.58);
INSERT INTO Grafik_studenta
  (IDStudenta, IDZajec, StatusZajec, Ocena)
  VALUES (1011, 4180, 1, 0);
INSERT INTO Grafik_studenta
  (IDStudenta, IDZajec, StatusZajec, Ocena)
  VALUES (1011, 5430, 1, 0);
INSERT INTO Grafik_studenta
  (IDStudenta, IDZajec, StatusZajec, Ocena)
  VALUES (1011, 6082, 1, 0);
INSERT INTO Grafik_studenta
  (IDStudenta, IDZajec, StatusZajec, Ocena)
  VALUES (1012, 1000, 2, 71.15);
INSERT INTO Grafik_studenta
  (IDStudenta, IDZajec, StatusZajec, Ocena)
  VALUES (1012, 1180, 2, 67.6);
INSERT INTO Grafik_studenta
  (IDStudenta, IDZajec, StatusZajec, Ocena)
  VALUES (1012, 2500, 2, 77.34);
INSERT INTO Grafik_studenta
  (IDStudenta, IDZajec, StatusZajec, Ocena)
  VALUES (1012, 2907, 2, 66.15);
INSERT INTO Grafik_studenta
  (IDStudenta, IDZajec, StatusZajec, Ocena)
  VALUES (1012, 4196, 1, 0);
INSERT INTO Grafik_studenta
  (IDStudenta, IDZajec, StatusZajec, Ocena)
  VALUES (1012, 5510, 1, 0);
INSERT INTO Grafik_studenta
  (IDStudenta, IDZajec, StatusZajec, Ocena)
  VALUES (1012, 5917, 1, 0);
INSERT INTO Grafik_studenta
  (IDStudenta, IDZajec, StatusZajec, Ocena)
  VALUES (1013, 1000, 2, 69.67);
INSERT INTO Grafik_studenta
  (IDStudenta, IDZajec, StatusZajec, Ocena)
  VALUES (1013, 1030, 2, 77.07);
INSERT INTO Grafik_studenta
  (IDStudenta, IDZajec, StatusZajec, Ocena)
  VALUES (1013, 1156, 2, 77.59);
INSERT INTO Grafik_studenta
  (IDStudenta, IDZajec, StatusZajec, Ocena)
  VALUES (1013, 2895, 2, 93.19);
INSERT INTO Grafik_studenta
  (IDStudenta, IDZajec, StatusZajec, Ocena)
  VALUES (1013, 4002, 1, 0);
INSERT INTO Grafik_studenta
  (IDStudenta, IDZajec, StatusZajec, Ocena)
  VALUES (1013, 4180, 1, 0);
INSERT INTO Grafik_studenta
  (IDStudenta, IDZajec, StatusZajec, Ocena)
  VALUES (1013, 5907, 1, 0);
INSERT INTO Grafik_studenta
  (IDStudenta, IDZajec, StatusZajec, Ocena)
  VALUES (1014, 1180, 2, 88.91);
INSERT INTO Grafik_studenta
  (IDStudenta, IDZajec, StatusZajec, Ocena)
  VALUES (1014, 2015, 2, 77.01);
INSERT INTO Grafik_studenta
  (IDStudenta, IDZajec, StatusZajec, Ocena)
  VALUES (1014, 2500, 2, 88.5);
INSERT INTO Grafik_studenta
  (IDStudenta, IDZajec, StatusZajec, Ocena)
  VALUES (1014, 2907, 2, 72);
INSERT INTO Grafik_studenta
  (IDStudenta, IDZajec, StatusZajec, Ocena)
  VALUES (1014, 4196, 1, 0);
INSERT INTO Grafik_studenta
  (IDStudenta, IDZajec, StatusZajec, Ocena)
  VALUES (1014, 5071, 1, 0);
INSERT INTO Grafik_studenta
  (IDStudenta, IDZajec, StatusZajec, Ocena)
  VALUES (1014, 5933, 1, 0);
INSERT INTO Grafik_studenta
  (IDStudenta, IDZajec, StatusZajec, Ocena)
  VALUES (1015, 1156, 2, 91.66);
INSERT INTO Grafik_studenta
  (IDStudenta, IDZajec, StatusZajec, Ocena)
  VALUES (1015, 1500, 2, 85.01);
INSERT INTO Grafik_studenta
  (IDStudenta, IDZajec, StatusZajec, Ocena)
  VALUES (1015, 2223, 2, 94.54);
INSERT INTO Grafik_studenta
  (IDStudenta, IDZajec, StatusZajec, Ocena)
  VALUES (1015, 2889, 2, 77.58);
INSERT INTO Grafik_studenta
  (IDStudenta, IDZajec, StatusZajec, Ocena)
  VALUES (1015, 4183, 1, 0);
INSERT INTO Grafik_studenta
  (IDStudenta, IDZajec, StatusZajec, Ocena)
  VALUES (1015, 4196, 1, 0);
INSERT INTO Grafik_studenta
  (IDStudenta, IDZajec, StatusZajec, Ocena)
  VALUES (1015, 6030, 1, 0);
INSERT INTO Grafik_studenta
  (IDStudenta, IDZajec, StatusZajec, Ocena)
  VALUES (1016, 1162, 2, 82.58);
INSERT INTO Grafik_studenta
  (IDStudenta, IDZajec, StatusZajec, Ocena)
  VALUES (1016, 2410, 2, 98.01);
INSERT INTO Grafik_studenta
  (IDStudenta, IDZajec, StatusZajec, Ocena)
  VALUES (1016, 2907, 2, 72.01);
INSERT INTO Grafik_studenta
  (IDStudenta, IDZajec, StatusZajec, Ocena)
  VALUES (1016, 4020, 1, 0);
INSERT INTO Grafik_studenta
  (IDStudenta, IDZajec, StatusZajec, Ocena)
  VALUES (1016, 4180, 1, 0);
INSERT INTO Grafik_studenta
  (IDStudenta, IDZajec, StatusZajec, Ocena)
  VALUES (1016, 5430, 1, 0);
INSERT INTO Grafik_studenta
  (IDStudenta, IDZajec, StatusZajec, Ocena)
  VALUES (1016, 6082, 1, 0);
INSERT INTO Grafik_studenta
  (IDStudenta, IDZajec, StatusZajec, Ocena)
  VALUES (1017, 1000, 2, 69.46);
INSERT INTO Grafik_studenta
  (IDStudenta, IDZajec, StatusZajec, Ocena)
  VALUES (1017, 1030, 2, 97.81);
INSERT INTO Grafik_studenta
  (IDStudenta, IDZajec, StatusZajec, Ocena)
  VALUES (1017, 1156, 2, 88.54);
INSERT INTO Grafik_studenta
  (IDStudenta, IDZajec, StatusZajec, Ocena)
  VALUES (1017, 2895, 2, 70.55);
INSERT INTO Grafik_studenta
  (IDStudenta, IDZajec, StatusZajec, Ocena)
  VALUES (1017, 4002, 1, 0);
INSERT INTO Grafik_studenta
  (IDStudenta, IDZajec, StatusZajec, Ocena)
  VALUES (1017, 4180, 1, 0);
INSERT INTO Grafik_studenta
  (IDStudenta, IDZajec, StatusZajec, Ocena)
  VALUES (1017, 5907, 1, 0);
INSERT INTO Grafik_studenta
  (IDStudenta, IDZajec, StatusZajec, Ocena)
  VALUES (1018, 1180, 2, 67.19);
INSERT INTO Grafik_studenta
  (IDStudenta, IDZajec, StatusZajec, Ocena)
  VALUES (1018, 2015, 2, 98.31);
INSERT INTO Grafik_studenta
  (IDStudenta, IDZajec, StatusZajec, Ocena)
  VALUES (1018, 2500, 2, 79.61);
INSERT INTO Grafik_studenta
  (IDStudenta, IDZajec, StatusZajec, Ocena)
  VALUES (1018, 2907, 2, 93.32);
INSERT INTO Grafik_studenta
  (IDStudenta, IDZajec, StatusZajec, Ocena)
  VALUES (1018, 4196, 1, 0);
INSERT INTO Grafik_studenta
  (IDStudenta, IDZajec, StatusZajec, Ocena)
  VALUES (1018, 5071, 1, 0);
INSERT INTO Grafik_studenta
  (IDStudenta, IDZajec, StatusZajec, Ocena)
  VALUES (1018, 5933, 1, 0);
 
INSERT INTO Przedmioty_wykladowcow
  (IDPracownika, IDPrzedmiotu, OcenaBieglosci)
  VALUES (98005, 12, 10);
INSERT INTO Przedmioty_wykladowcow
  (IDPracownika, IDPrzedmiotu, OcenaBieglosci)
  VALUES (98005, 16, 10);
INSERT INTO Przedmioty_wykladowcow
  (IDPracownika, IDPrzedmiotu, OcenaBieglosci)
  VALUES (98005, 34, 9);
INSERT INTO Przedmioty_wykladowcow
  (IDPracownika, IDPrzedmiotu, OcenaBieglosci)
  VALUES (98005, 36, 8);
INSERT INTO Przedmioty_wykladowcow
  (IDPracownika, IDPrzedmiotu, OcenaBieglosci)
  VALUES (98005, 38, 8);
INSERT INTO Przedmioty_wykladowcow
  (IDPracownika, IDPrzedmiotu, OcenaBieglosci)
  VALUES (98007, 2, 9);
INSERT INTO Przedmioty_wykladowcow
  (IDPracownika, IDPrzedmiotu, OcenaBieglosci)
  VALUES (98007, 5, 10);
INSERT INTO Przedmioty_wykladowcow
  (IDPracownika, IDPrzedmiotu, OcenaBieglosci)
  VALUES (98007, 14, 8);
INSERT INTO Przedmioty_wykladowcow
  (IDPracownika, IDPrzedmiotu, OcenaBieglosci)
  VALUES (98007, 24, 10);
INSERT INTO Przedmioty_wykladowcow
  (IDPracownika, IDPrzedmiotu, OcenaBieglosci)
  VALUES (98007, 46, 10);
INSERT INTO Przedmioty_wykladowcow
  (IDPracownika, IDPrzedmiotu, OcenaBieglosci)
  VALUES (98010, 2, 8);
INSERT INTO Przedmioty_wykladowcow
  (IDPracownika, IDPrzedmiotu, OcenaBieglosci)
  VALUES (98010, 5, 10);
INSERT INTO Przedmioty_wykladowcow
  (IDPracownika, IDPrzedmiotu, OcenaBieglosci)
  VALUES (98010, 24, 8);
INSERT INTO Przedmioty_wykladowcow
  (IDPracownika, IDPrzedmiotu, OcenaBieglosci)
  VALUES (98010, 48, 10);
INSERT INTO Przedmioty_wykladowcow
  (IDPracownika, IDPrzedmiotu, OcenaBieglosci)
  VALUES (98011, 38, 9);
INSERT INTO Przedmioty_wykladowcow
  (IDPracownika, IDPrzedmiotu, OcenaBieglosci)
  VALUES (98011, 43, 8);
INSERT INTO Przedmioty_wykladowcow
  (IDPracownika, IDPrzedmiotu, OcenaBieglosci)
  VALUES (98011, 49, 10);
INSERT INTO Przedmioty_wykladowcow
  (IDPracownika, IDPrzedmiotu, OcenaBieglosci)
  VALUES (98012, 1, 9);
INSERT INTO Przedmioty_wykladowcow
  (IDPracownika, IDPrzedmiotu, OcenaBieglosci)
  VALUES (98012, 4, 10);
INSERT INTO Przedmioty_wykladowcow
  (IDPracownika, IDPrzedmiotu, OcenaBieglosci)
  VALUES (98012, 32, 9);
INSERT INTO Przedmioty_wykladowcow
  (IDPracownika, IDPrzedmiotu, OcenaBieglosci)
  VALUES (98012, 45, 9);
INSERT INTO Przedmioty_wykladowcow
  (IDPracownika, IDPrzedmiotu, OcenaBieglosci)
  VALUES (98013, 23, 9);
INSERT INTO Przedmioty_wykladowcow
  (IDPracownika, IDPrzedmiotu, OcenaBieglosci)
  VALUES (98013, 26, 8);
INSERT INTO Przedmioty_wykladowcow
  (IDPracownika, IDPrzedmiotu, OcenaBieglosci)
  VALUES (98013, 27, 10);
INSERT INTO Przedmioty_wykladowcow
  (IDPracownika, IDPrzedmiotu, OcenaBieglosci)
  VALUES (98013, 28, 9);
INSERT INTO Przedmioty_wykladowcow
  (IDPracownika, IDPrzedmiotu, OcenaBieglosci)
  VALUES (98013, 46, 10);
INSERT INTO Przedmioty_wykladowcow
  (IDPracownika, IDPrzedmiotu, OcenaBieglosci)
  VALUES (98014, 11, 9);
INSERT INTO Przedmioty_wykladowcow
  (IDPracownika, IDPrzedmiotu, OcenaBieglosci)
  VALUES (98014, 15, 9);
INSERT INTO Przedmioty_wykladowcow
  (IDPracownika, IDPrzedmiotu, OcenaBieglosci)
  VALUES (98014, 39, 9);
INSERT INTO Przedmioty_wykladowcow
  (IDPracownika, IDPrzedmiotu, OcenaBieglosci)
  VALUES (98014, 42, 9);
INSERT INTO Przedmioty_wykladowcow
  (IDPracownika, IDPrzedmiotu, OcenaBieglosci)
  VALUES (98014, 44, 9);
INSERT INTO Przedmioty_wykladowcow
  (IDPracownika, IDPrzedmiotu, OcenaBieglosci)
  VALUES (98019, 13, 9);
INSERT INTO Przedmioty_wykladowcow
  (IDPracownika, IDPrzedmiotu, OcenaBieglosci)
  VALUES (98019, 32, 9);
INSERT INTO Przedmioty_wykladowcow
  (IDPracownika, IDPrzedmiotu, OcenaBieglosci)
  VALUES (98019, 47, 8);
INSERT INTO Przedmioty_wykladowcow
  (IDPracownika, IDPrzedmiotu, OcenaBieglosci)
  VALUES (98020, 20, 8);
INSERT INTO Przedmioty_wykladowcow
  (IDPracownika, IDPrzedmiotu, OcenaBieglosci)
  VALUES (98020, 22, 10);
INSERT INTO Przedmioty_wykladowcow
  (IDPracownika, IDPrzedmiotu, OcenaBieglosci)
  VALUES (98020, 25, 8);
INSERT INTO Przedmioty_wykladowcow
  (IDPracownika, IDPrzedmiotu, OcenaBieglosci)
  VALUES (98020, 50, 8);
INSERT INTO Przedmioty_wykladowcow
  (IDPracownika, IDPrzedmiotu, OcenaBieglosci)
  VALUES (98020, 52, 8);
INSERT INTO Przedmioty_wykladowcow
  (IDPracownika, IDPrzedmiotu, OcenaBieglosci)
  VALUES (98025, 3, 10);
INSERT INTO Przedmioty_wykladowcow
  (IDPracownika, IDPrzedmiotu, OcenaBieglosci)
  VALUES (98025, 7, 10);
INSERT INTO Przedmioty_wykladowcow
  (IDPracownika, IDPrzedmiotu, OcenaBieglosci)
  VALUES (98025, 9, 10);
INSERT INTO Przedmioty_wykladowcow
  (IDPracownika, IDPrzedmiotu, OcenaBieglosci)
  VALUES (98025, 47, 10);
INSERT INTO Przedmioty_wykladowcow
  (IDPracownika, IDPrzedmiotu, OcenaBieglosci)
  VALUES (98028, 11, 8);
INSERT INTO Przedmioty_wykladowcow
  (IDPracownika, IDPrzedmiotu, OcenaBieglosci)
  VALUES (98028, 15, 10);
INSERT INTO Przedmioty_wykladowcow
  (IDPracownika, IDPrzedmiotu, OcenaBieglosci)
  VALUES (98028, 33, 9);
INSERT INTO Przedmioty_wykladowcow
  (IDPracownika, IDPrzedmiotu, OcenaBieglosci)
  VALUES (98028, 35, 8);
INSERT INTO Przedmioty_wykladowcow
  (IDPracownika, IDPrzedmiotu, OcenaBieglosci)
  VALUES (98028, 39, 8);
INSERT INTO Przedmioty_wykladowcow
  (IDPracownika, IDPrzedmiotu, OcenaBieglosci)
  VALUES (98030, 14, 10);
INSERT INTO Przedmioty_wykladowcow
  (IDPracownika, IDPrzedmiotu, OcenaBieglosci)
  VALUES (98030, 30, 8);
INSERT INTO Przedmioty_wykladowcow
  (IDPracownika, IDPrzedmiotu, OcenaBieglosci)
  VALUES (98030, 42, 10);
INSERT INTO Przedmioty_wykladowcow
  (IDPracownika, IDPrzedmiotu, OcenaBieglosci)
  VALUES (98030, 44, 9);
INSERT INTO Przedmioty_wykladowcow
  (IDPracownika, IDPrzedmiotu, OcenaBieglosci)
  VALUES (98030, 48, 9);
INSERT INTO Przedmioty_wykladowcow
  (IDPracownika, IDPrzedmiotu, OcenaBieglosci)
  VALUES (98036, 12, 10);
INSERT INTO Przedmioty_wykladowcow
  (IDPracownika, IDPrzedmiotu, OcenaBieglosci)
  VALUES (98036, 16, 9);
INSERT INTO Przedmioty_wykladowcow
  (IDPracownika, IDPrzedmiotu, OcenaBieglosci)
  VALUES (98036, 34, 9);
INSERT INTO Przedmioty_wykladowcow
  (IDPracownika, IDPrzedmiotu, OcenaBieglosci)
  VALUES (98036, 36, 8);
INSERT INTO Przedmioty_wykladowcow
  (IDPracownika, IDPrzedmiotu, OcenaBieglosci)
  VALUES (98040, 25, 8);
INSERT INTO Przedmioty_wykladowcow
  (IDPracownika, IDPrzedmiotu, OcenaBieglosci)
  VALUES (98040, 27, 8);
INSERT INTO Przedmioty_wykladowcow
  (IDPracownika, IDPrzedmiotu, OcenaBieglosci)
  VALUES (98040, 28, 10);
INSERT INTO Przedmioty_wykladowcow
  (IDPracownika, IDPrzedmiotu, OcenaBieglosci)
  VALUES (98040, 45, 8);
INSERT INTO Przedmioty_wykladowcow
  (IDPracownika, IDPrzedmiotu, OcenaBieglosci)
  VALUES (98042, 31, 9);
INSERT INTO Przedmioty_wykladowcow
  (IDPracownika, IDPrzedmiotu, OcenaBieglosci)
  VALUES (98042, 40, 8);
INSERT INTO Przedmioty_wykladowcow
  (IDPracownika, IDPrzedmiotu, OcenaBieglosci)
  VALUES (98042, 41, 10);
INSERT INTO Przedmioty_wykladowcow
  (IDPracownika, IDPrzedmiotu, OcenaBieglosci)
  VALUES (98042, 55, 8);
INSERT INTO Przedmioty_wykladowcow
  (IDPracownika, IDPrzedmiotu, OcenaBieglosci)
  VALUES (98042, 56, 9);
INSERT INTO Przedmioty_wykladowcow
  (IDPracownika, IDPrzedmiotu, OcenaBieglosci)
  VALUES (98045, 13, 10);
INSERT INTO Przedmioty_wykladowcow
  (IDPracownika, IDPrzedmiotu, OcenaBieglosci)
  VALUES (98045, 23, 8);
INSERT INTO Przedmioty_wykladowcow
  (IDPracownika, IDPrzedmiotu, OcenaBieglosci)
  VALUES (98045, 26, 9);
INSERT INTO Przedmioty_wykladowcow
  (IDPracownika, IDPrzedmiotu, OcenaBieglosci)
  VALUES (98045, 33, 9);
INSERT INTO Przedmioty_wykladowcow
  (IDPracownika, IDPrzedmiotu, OcenaBieglosci)
  VALUES (98045, 35, 9);
INSERT INTO Przedmioty_wykladowcow
  (IDPracownika, IDPrzedmiotu, OcenaBieglosci)
  VALUES (98048, 7, 10);
INSERT INTO Przedmioty_wykladowcow
  (IDPracownika, IDPrzedmiotu, OcenaBieglosci)
  VALUES (98048, 9, 8);
INSERT INTO Przedmioty_wykladowcow
  (IDPracownika, IDPrzedmiotu, OcenaBieglosci)
  VALUES (98048, 30, 8);
INSERT INTO Przedmioty_wykladowcow
  (IDPracownika, IDPrzedmiotu, OcenaBieglosci)
  VALUES (98048, 54, 9);
INSERT INTO Przedmioty_wykladowcow
  (IDPracownika, IDPrzedmiotu, OcenaBieglosci)
  VALUES (98048, 55, 10);
INSERT INTO Przedmioty_wykladowcow
  (IDPracownika, IDPrzedmiotu, OcenaBieglosci)
  VALUES (98052, 17, 8);
INSERT INTO Przedmioty_wykladowcow
  (IDPracownika, IDPrzedmiotu, OcenaBieglosci)
  VALUES (98052, 18, 8);
INSERT INTO Przedmioty_wykladowcow
  (IDPracownika, IDPrzedmiotu, OcenaBieglosci)
  VALUES (98052, 21, 10);
INSERT INTO Przedmioty_wykladowcow
  (IDPracownika, IDPrzedmiotu, OcenaBieglosci)
  VALUES (98052, 50, 10);
INSERT INTO Przedmioty_wykladowcow
  (IDPracownika, IDPrzedmiotu, OcenaBieglosci)
  VALUES (98052, 52, 9);
INSERT INTO Przedmioty_wykladowcow
  (IDPracownika, IDPrzedmiotu, OcenaBieglosci)
  VALUES (98053, 18, 9);
INSERT INTO Przedmioty_wykladowcow
  (IDPracownika, IDPrzedmiotu, OcenaBieglosci)
  VALUES (98053, 19, 9);
INSERT INTO Przedmioty_wykladowcow
  (IDPracownika, IDPrzedmiotu, OcenaBieglosci)
  VALUES (98053, 21, 8);
INSERT INTO Przedmioty_wykladowcow
  (IDPracownika, IDPrzedmiotu, OcenaBieglosci)
  VALUES (98053, 51, 9);
INSERT INTO Przedmioty_wykladowcow
  (IDPracownika, IDPrzedmiotu, OcenaBieglosci)
  VALUES (98053, 53, 9);
INSERT INTO Przedmioty_wykladowcow
  (IDPracownika, IDPrzedmiotu, OcenaBieglosci)
  VALUES (98055, 3, 8);
INSERT INTO Przedmioty_wykladowcow
  (IDPracownika, IDPrzedmiotu, OcenaBieglosci)
  VALUES (98055, 6, 8);
INSERT INTO Przedmioty_wykladowcow
  (IDPracownika, IDPrzedmiotu, OcenaBieglosci)
  VALUES (98055, 8, 9);
INSERT INTO Przedmioty_wykladowcow
  (IDPracownika, IDPrzedmiotu, OcenaBieglosci)
  VALUES (98055, 10, 10);
INSERT INTO Przedmioty_wykladowcow
  (IDPracownika, IDPrzedmiotu, OcenaBieglosci)
  VALUES (98055, 37, 10);
INSERT INTO Przedmioty_wykladowcow
  (IDPracownika, IDPrzedmiotu, OcenaBieglosci)
  VALUES (98059, 31, 8);
INSERT INTO Przedmioty_wykladowcow
  (IDPracownika, IDPrzedmiotu, OcenaBieglosci)
  VALUES (98059, 43, 10);
INSERT INTO Przedmioty_wykladowcow
  (IDPracownika, IDPrzedmiotu, OcenaBieglosci)
  VALUES (98059, 54, 9);
INSERT INTO Przedmioty_wykladowcow
  (IDPracownika, IDPrzedmiotu, OcenaBieglosci)
  VALUES (98059, 56, 9);
INSERT INTO Przedmioty_wykladowcow
  (IDPracownika, IDPrzedmiotu, OcenaBieglosci)
  VALUES (98062, 1, 10);
INSERT INTO Przedmioty_wykladowcow
  (IDPracownika, IDPrzedmiotu, OcenaBieglosci)
  VALUES (98062, 4, 8);
INSERT INTO Przedmioty_wykladowcow
  (IDPracownika, IDPrzedmiotu, OcenaBieglosci)
  VALUES (98062, 6, 8);
INSERT INTO Przedmioty_wykladowcow
  (IDPracownika, IDPrzedmiotu, OcenaBieglosci)
  VALUES (98062, 8, 10);
INSERT INTO Przedmioty_wykladowcow
  (IDPracownika, IDPrzedmiotu, OcenaBieglosci)
  VALUES (98062, 10, 10);
INSERT INTO Przedmioty_wykladowcow
  (IDPracownika, IDPrzedmiotu, OcenaBieglosci)
  VALUES (98062, 49, 9);
INSERT INTO Przedmioty_wykladowcow
  (IDPracownika, IDPrzedmiotu, OcenaBieglosci)
  VALUES (98063, 17, 9);
INSERT INTO Przedmioty_wykladowcow
  (IDPracownika, IDPrzedmiotu, OcenaBieglosci)
  VALUES (98063, 19, 9);
INSERT INTO Przedmioty_wykladowcow
  (IDPracownika, IDPrzedmiotu, OcenaBieglosci)
  VALUES (98063, 20, 9);
INSERT INTO Przedmioty_wykladowcow
  (IDPracownika, IDPrzedmiotu, OcenaBieglosci)
  VALUES (98063, 22, 8);
INSERT INTO Przedmioty_wykladowcow
  (IDPracownika, IDPrzedmiotu, OcenaBieglosci)
  VALUES (98063, 51, 9);
INSERT INTO Przedmioty_wykladowcow
  (IDPracownika, IDPrzedmiotu, OcenaBieglosci)
  VALUES (98063, 53, 8);
INSERT INTO Przedmioty_wykladowcow
  (IDPracownika, IDPrzedmiotu, OcenaBieglosci)
  VALUES (98064, 37, 8);
INSERT INTO Przedmioty_wykladowcow
  (IDPracownika, IDPrzedmiotu, OcenaBieglosci)
  VALUES (98064, 40, 9);
INSERT INTO Przedmioty_wykladowcow
  (IDPracownika, IDPrzedmiotu, OcenaBieglosci)
  VALUES (98064, 41, 8);
 
INSERT INTO Dziedziny_wykladowcow
  (IDPracownika, IDDziedziny)
  VALUES (98005, 'SZT');
INSERT INTO Dziedziny_wykladowcow
  (IDPracownika, IDDziedziny)
  VALUES (98005, 'ANG');
INSERT INTO Dziedziny_wykladowcow
  (IDPracownika, IDDziedziny)
  VALUES (98005, 'MUZ');
INSERT INTO Dziedziny_wykladowcow
  (IDPracownika, IDDziedziny)
  VALUES (98007, 'KSI');
INSERT INTO Dziedziny_wykladowcow
  (IDPracownika, IDDziedziny)
  VALUES (98007, 'SZT');
INSERT INTO Dziedziny_wykladowcow
  (IDPracownika, IDDziedziny)
  VALUES (98007, 'KOM');
INSERT INTO Dziedziny_wykladowcow
  (IDPracownika, IDDziedziny)
  VALUES (98007, 'MAT');
INSERT INTO Dziedziny_wykladowcow
  (IDPracownika, IDDziedziny)
  VALUES (98010, 'KSI');
INSERT INTO Dziedziny_wykladowcow
  (IDPracownika, IDDziedziny)
  VALUES (98010, 'KOM');
INSERT INTO Dziedziny_wykladowcow
  (IDPracownika, IDDziedziny)
  VALUES (98010, 'MAT');
INSERT INTO Dziedziny_wykladowcow
  (IDPracownika, IDDziedziny)
  VALUES (98011, 'ANG');
INSERT INTO Dziedziny_wykladowcow
  (IDPracownika, IDDziedziny)
  VALUES (98011, 'HIS');
INSERT INTO Dziedziny_wykladowcow
  (IDPracownika, IDDziedziny)
  VALUES (98011, 'MAT');
INSERT INTO Dziedziny_wykladowcow
  (IDPracownika, IDDziedziny)
  VALUES (98012, 'KSI');
INSERT INTO Dziedziny_wykladowcow
  (IDPracownika, IDDziedziny)
  VALUES (98012, 'EKO');
INSERT INTO Dziedziny_wykladowcow
  (IDPracownika, IDDziedziny)
  VALUES (98012, 'MAT');
INSERT INTO Dziedziny_wykladowcow
  (IDPracownika, IDDziedziny)
  VALUES (98013, 'KOM');
INSERT INTO Dziedziny_wykladowcow
  (IDPracownika, IDDziedziny)
  VALUES (98013, 'INF');
INSERT INTO Dziedziny_wykladowcow
  (IDPracownika, IDDziedziny)
  VALUES (98013, 'MAT');
INSERT INTO Dziedziny_wykladowcow
  (IDPracownika, IDDziedziny)
  VALUES (98014, 'SZT');
INSERT INTO Dziedziny_wykladowcow
  (IDPracownika, IDDziedziny)
  VALUES (98014, 'ANG');
INSERT INTO Dziedziny_wykladowcow
  (IDPracownika, IDDziedziny)
  VALUES (98014, 'HIS');
INSERT INTO Dziedziny_wykladowcow
  (IDPracownika, IDDziedziny)
  VALUES (98019, 'SZT');
INSERT INTO Dziedziny_wykladowcow
  (IDPracownika, IDDziedziny)
  VALUES (98019, 'EKO');
INSERT INTO Dziedziny_wykladowcow
  (IDPracownika, IDDziedziny)
  VALUES (98019, 'MAT');
INSERT INTO Dziedziny_wykladowcow
  (IDPracownika, IDDziedziny)
  VALUES (98020, 'CHE');
INSERT INTO Dziedziny_wykladowcow
  (IDPracownika, IDDziedziny)
  VALUES (98020, 'KOM');
INSERT INTO Dziedziny_wykladowcow
  (IDPracownika, IDDziedziny)
  VALUES (98020, 'FIZ');
INSERT INTO Dziedziny_wykladowcow
  (IDPracownika, IDDziedziny)
  VALUES (98025, 'KSI');
INSERT INTO Dziedziny_wykladowcow
  (IDPracownika, IDDziedziny)
  VALUES (98025, 'BIZ');
INSERT INTO Dziedziny_wykladowcow
  (IDPracownika, IDDziedziny)
  VALUES (98025, 'MAT');
INSERT INTO Dziedziny_wykladowcow
  (IDPracownika, IDDziedziny)
  VALUES (98028, 'SZT');
INSERT INTO Dziedziny_wykladowcow
  (IDPracownika, IDDziedziny)
  VALUES (98028, 'ANG');
INSERT INTO Dziedziny_wykladowcow
  (IDPracownika, IDDziedziny)
  VALUES (98028, 'MUZ');
INSERT INTO Dziedziny_wykladowcow
  (IDPracownika, IDDziedziny)
  VALUES (98030, 'SZT');
INSERT INTO Dziedziny_wykladowcow
  (IDPracownika, IDDziedziny)
  VALUES (98030, 'EKO');
INSERT INTO Dziedziny_wykladowcow
  (IDPracownika, IDDziedziny)
  VALUES (98030, 'HIS');
INSERT INTO Dziedziny_wykladowcow
  (IDPracownika, IDDziedziny)
  VALUES (98030, 'MAT');
INSERT INTO Dziedziny_wykladowcow
  (IDPracownika, IDDziedziny)
  VALUES (98036, 'SZT');
INSERT INTO Dziedziny_wykladowcow
  (IDPracownika, IDDziedziny)
  VALUES (98036, 'ANG');
INSERT INTO Dziedziny_wykladowcow
  (IDPracownika, IDDziedziny)
  VALUES (98036, 'MUZ');
INSERT INTO Dziedziny_wykladowcow
  (IDPracownika, IDDziedziny)
  VALUES (98040, 'KOM');
INSERT INTO Dziedziny_wykladowcow
  (IDPracownika, IDDziedziny)
  VALUES (98040, 'INF');
INSERT INTO Dziedziny_wykladowcow
  (IDPracownika, IDDziedziny)
  VALUES (98040, 'MAT');
INSERT INTO Dziedziny_wykladowcow
  (IDPracownika, IDDziedziny)
  VALUES (98042, 'EKO');
INSERT INTO Dziedziny_wykladowcow
  (IDPracownika, IDDziedziny)
  VALUES (98042, 'GEO');
INSERT INTO Dziedziny_wykladowcow
  (IDPracownika, IDDziedziny)
  VALUES (98042, 'POL');
INSERT INTO Dziedziny_wykladowcow
  (IDPracownika, IDDziedziny)
  VALUES (98045, 'SZT');
INSERT INTO Dziedziny_wykladowcow
  (IDPracownika, IDDziedziny)
  VALUES (98045, 'KOM');
INSERT INTO Dziedziny_wykladowcow
  (IDPracownika, IDDziedziny)
  VALUES (98045, 'MUZ');
INSERT INTO Dziedziny_wykladowcow
  (IDPracownika, IDDziedziny)
  VALUES (98048, 'BIZ');
INSERT INTO Dziedziny_wykladowcow
  (IDPracownika, IDDziedziny)
  VALUES (98048, 'EKO');
INSERT INTO Dziedziny_wykladowcow
  (IDPracownika, IDDziedziny)
  VALUES (98048, 'POL');
INSERT INTO Dziedziny_wykladowcow
  (IDPracownika, IDDziedziny)
  VALUES (98052, 'BIO');
INSERT INTO Dziedziny_wykladowcow
  (IDPracownika, IDDziedziny)
  VALUES (98052, 'CHE');
INSERT INTO Dziedziny_wykladowcow
  (IDPracownika, IDDziedziny)
  VALUES (98052, 'MAT');
INSERT INTO Dziedziny_wykladowcow
  (IDPracownika, IDDziedziny)
  VALUES (98052, 'FIZ');
INSERT INTO Dziedziny_wykladowcow
  (IDPracownika, IDDziedziny)
  VALUES (98053, 'BIO');
INSERT INTO Dziedziny_wykladowcow
  (IDPracownika, IDDziedziny)
  VALUES (98053, 'CHE');
INSERT INTO Dziedziny_wykladowcow
  (IDPracownika, IDDziedziny)
  VALUES (98053, 'FIZ');
INSERT INTO Dziedziny_wykladowcow
  (IDPracownika, IDDziedziny)
  VALUES (98055, 'KSI');
INSERT INTO Dziedziny_wykladowcow
  (IDPracownika, IDDziedziny)
  VALUES (98055, 'BIZ');
INSERT INTO Dziedziny_wykladowcow
  (IDPracownika, IDDziedziny)
  VALUES (98055, 'ANG');
INSERT INTO Dziedziny_wykladowcow
  (IDPracownika, IDDziedziny)
  VALUES (98055, 'MAT');
INSERT INTO Dziedziny_wykladowcow
  (IDPracownika, IDDziedziny)
  VALUES (98059, 'EKO');
INSERT INTO Dziedziny_wykladowcow
  (IDPracownika, IDDziedziny)
  VALUES (98059, 'HIS');
INSERT INTO Dziedziny_wykladowcow
  (IDPracownika, IDDziedziny)
  VALUES (98059, 'POL');
INSERT INTO Dziedziny_wykladowcow
  (IDPracownika, IDDziedziny)
  VALUES (98062, 'KSI');
INSERT INTO Dziedziny_wykladowcow
  (IDPracownika, IDDziedziny)
  VALUES (98062, 'BIZ');
INSERT INTO Dziedziny_wykladowcow
  (IDPracownika, IDDziedziny)
  VALUES (98062, 'MAT');
INSERT INTO Dziedziny_wykladowcow
  (IDPracownika, IDDziedziny)
  VALUES (98063, 'BIO');
INSERT INTO Dziedziny_wykladowcow
  (IDPracownika, IDDziedziny)
  VALUES (98063, 'CHE');
INSERT INTO Dziedziny_wykladowcow
  (IDPracownika, IDDziedziny)
  VALUES (98063, 'FIZ');
INSERT INTO Dziedziny_wykladowcow
  (IDPracownika, IDDziedziny)
  VALUES (98064, 'ANG');
INSERT INTO Dziedziny_wykladowcow
  (IDPracownika, IDDziedziny)
  VALUES (98064, 'GEO');
INSERT INTO Dziedziny_wykladowcow
  (IDPracownika, IDDziedziny)
  VALUES (98064, 'DZI');
 
INSERT INTO ztblMacierzPlci
  (Plec, Mezczyzna, Kobieta)
  VALUES ('K', 0, 1);
INSERT INTO ztblMacierzPlci
  (Plec, Mezczyzna, Kobieta)
  VALUES ('M', 1, 0);
 
INSERT INTO ztblOcenyLiterowe
  (OcenaLiterowa, PunktowyProgDolny, PunktowyProgGorny)
  VALUES ('A', 93, 96.99);
INSERT INTO ztblOcenyLiterowe
  (OcenaLiterowa, PunktowyProgDolny, PunktowyProgGorny)
  VALUES ('A-', 90, 92.99);
INSERT INTO ztblOcenyLiterowe
  (OcenaLiterowa, PunktowyProgDolny, PunktowyProgGorny)
  VALUES ('A+', 97, 120);
INSERT INTO ztblOcenyLiterowe
  (OcenaLiterowa, PunktowyProgDolny, PunktowyProgGorny)
  VALUES ('B', 83, 86.99);
INSERT INTO ztblOcenyLiterowe
  (OcenaLiterowa, PunktowyProgDolny, PunktowyProgGorny)
  VALUES ('B-', 80, 82.99);
INSERT INTO ztblOcenyLiterowe
  (OcenaLiterowa, PunktowyProgDolny, PunktowyProgGorny)
  VALUES ('B+', 87, 89.99);
INSERT INTO ztblOcenyLiterowe
  (OcenaLiterowa, PunktowyProgDolny, PunktowyProgGorny)
  VALUES ('C', 73, 76.99);
INSERT INTO ztblOcenyLiterowe
  (OcenaLiterowa, PunktowyProgDolny, PunktowyProgGorny)
  VALUES ('C-', 70, 72.99);
INSERT INTO ztblOcenyLiterowe
  (OcenaLiterowa, PunktowyProgDolny, PunktowyProgGorny)
  VALUES ('C+', 77, 79.99);
INSERT INTO ztblOcenyLiterowe
  (OcenaLiterowa, PunktowyProgDolny, PunktowyProgGorny)
  VALUES ('D', 63, 66.99);
INSERT INTO ztblOcenyLiterowe
  (OcenaLiterowa, PunktowyProgDolny, PunktowyProgGorny)
  VALUES ('D-', 60, 62.99);
INSERT INTO ztblOcenyLiterowe
  (OcenaLiterowa, PunktowyProgDolny, PunktowyProgGorny)
  VALUES ('D+', 67, 69.99);
INSERT INTO ztblOcenyLiterowe
  (OcenaLiterowa, PunktowyProgDolny, PunktowyProgGorny)
  VALUES ('K', 0, 59.99);
 
INSERT INTO ztblMacierzStanuCywilnego
  (StanCywilny, Mlzn, Smtn, Wdw, Rzwd)
  VALUES ('R', 0, 0, 0, 1);
INSERT INTO ztblMacierzStanuCywilnego
  (StanCywilny, Mlzn, Smtn, Wdw, Rzwd)
  VALUES ('M', 1, 0, 0, 0);
INSERT INTO ztblMacierzStanuCywilnego
  (StanCywilny, Mlzn, Smtn, Wdw, Rzwd)
  VALUES ('S', 0, 1, 0, 0);
INSERT INTO ztblMacierzStanuCywilnego
  (StanCywilny, Mlzn, Smtn, Wdw, Rzwd)
  VALUES ('W', 0, 0, 1, 0);
 
INSERT INTO ztblOcenyWykladowcow
  (OpisOcenyWykladowcy, ProgDolnyOceny, ProgGornyOceny)
  VALUES ('Słaby', 0, 7);
INSERT INTO ztblOcenyWykladowcow
  (OpisOcenyWykladowcy, ProgDolnyOceny, ProgGornyOceny)
  VALUES ('Średni', 7.0001, 8.5);
INSERT INTO ztblOcenyWykladowcow
  (OpisOcenyWykladowcy, ProgDolnyOceny, ProgGornyOceny)
  VALUES ('Dobry', 8.5001, 8.9);
INSERT INTO ztblOcenyWykladowcow
  (OpisOcenyWykladowcy, ProgDolnyOceny, ProgGornyOceny)
  VALUES ('Doskonały', 8.9001, 10);
 
INSERT INTO ztblDniSemestru
  (NrSemestru, DataWSemestrze, DzienTygodnia)
  VALUES (1, '2017-09-11', 'Poniedziałek');
INSERT INTO ztblDniSemestru
  (NrSemestru, DataWSemestrze, DzienTygodnia)
  VALUES (1, '2017-09-12', 'Wtorek');
INSERT INTO ztblDniSemestru
  (NrSemestru, DataWSemestrze, DzienTygodnia)
  VALUES (1, '2017-09-13', 'Środa');
INSERT INTO ztblDniSemestru
  (NrSemestru, DataWSemestrze, DzienTygodnia)
  VALUES (1, '2017-09-14', 'Czwartek');
INSERT INTO ztblDniSemestru
  (NrSemestru, DataWSemestrze, DzienTygodnia)
  VALUES (1, '2017-09-15', 'Piątek');
INSERT INTO ztblDniSemestru
  (NrSemestru, DataWSemestrze, DzienTygodnia)
  VALUES (1, '2017-09-16', 'Sobota');
INSERT INTO ztblDniSemestru
  (NrSemestru, DataWSemestrze, DzienTygodnia)
  VALUES (1, '2017-09-18', 'Poniedziałek');
INSERT INTO ztblDniSemestru
  (NrSemestru, DataWSemestrze, DzienTygodnia)
  VALUES (1, '2017-09-19', 'Wtorek');
INSERT INTO ztblDniSemestru
  (NrSemestru, DataWSemestrze, DzienTygodnia)
  VALUES (1, '2017-09-20', 'Środa');
INSERT INTO ztblDniSemestru
  (NrSemestru, DataWSemestrze, DzienTygodnia)
  VALUES (1, '2017-09-21', 'Czwartek');
INSERT INTO ztblDniSemestru
  (NrSemestru, DataWSemestrze, DzienTygodnia)
  VALUES (1, '2017-09-22', 'Piątek');
INSERT INTO ztblDniSemestru
  (NrSemestru, DataWSemestrze, DzienTygodnia)
  VALUES (1, '2017-09-23', 'Sobota');
INSERT INTO ztblDniSemestru
  (NrSemestru, DataWSemestrze, DzienTygodnia)
  VALUES (1, '2017-09-25', 'Poniedziałek');
INSERT INTO ztblDniSemestru
  (NrSemestru, DataWSemestrze, DzienTygodnia)
  VALUES (1, '2017-09-26', 'Wtorek');
INSERT INTO ztblDniSemestru
  (NrSemestru, DataWSemestrze, DzienTygodnia)
  VALUES (1, '2017-09-27', 'Środa');
INSERT INTO ztblDniSemestru
  (NrSemestru, DataWSemestrze, DzienTygodnia)
  VALUES (1, '2017-09-28', 'Czwartek');
INSERT INTO ztblDniSemestru
  (NrSemestru, DataWSemestrze, DzienTygodnia)
  VALUES (1, '2017-09-29', 'Piątek');
INSERT INTO ztblDniSemestru
  (NrSemestru, DataWSemestrze, DzienTygodnia)
  VALUES (1, '2017-09-30', 'Sobota');
INSERT INTO ztblDniSemestru
  (NrSemestru, DataWSemestrze, DzienTygodnia)
  VALUES (1, '2017-10-02', 'Poniedziałek');
INSERT INTO ztblDniSemestru
  (NrSemestru, DataWSemestrze, DzienTygodnia)
  VALUES (1, '2017-10-03', 'Wtorek');
INSERT INTO ztblDniSemestru
  (NrSemestru, DataWSemestrze, DzienTygodnia)
  VALUES (1, '2017-10-04', 'Środa');
INSERT INTO ztblDniSemestru
  (NrSemestru, DataWSemestrze, DzienTygodnia)
  VALUES (1, '2017-10-05', 'Czwartek');
INSERT INTO ztblDniSemestru
  (NrSemestru, DataWSemestrze, DzienTygodnia)
  VALUES (1, '2017-10-06', 'Piątek');
INSERT INTO ztblDniSemestru
  (NrSemestru, DataWSemestrze, DzienTygodnia)
  VALUES (1, '2017-10-07', 'Sobota');
INSERT INTO ztblDniSemestru
  (NrSemestru, DataWSemestrze, DzienTygodnia)
  VALUES (1, '2017-10-09', 'Poniedziałek');
INSERT INTO ztblDniSemestru
  (NrSemestru, DataWSemestrze, DzienTygodnia)
  VALUES (1, '2017-10-10', 'Wtorek');
INSERT INTO ztblDniSemestru
  (NrSemestru, DataWSemestrze, DzienTygodnia)
  VALUES (1, '2017-10-11', 'Środa');
INSERT INTO ztblDniSemestru
  (NrSemestru, DataWSemestrze, DzienTygodnia)
  VALUES (1, '2017-10-12', 'Czwartek');
INSERT INTO ztblDniSemestru
  (NrSemestru, DataWSemestrze, DzienTygodnia)
  VALUES (1, '2017-10-13', 'Piątek');
INSERT INTO ztblDniSemestru
  (NrSemestru, DataWSemestrze, DzienTygodnia)
  VALUES (1, '2017-10-14', 'Sobota');
INSERT INTO ztblDniSemestru
  (NrSemestru, DataWSemestrze, DzienTygodnia)
  VALUES (1, '2017-10-16', 'Poniedziałek');
INSERT INTO ztblDniSemestru
  (NrSemestru, DataWSemestrze, DzienTygodnia)
  VALUES (1, '2017-10-17', 'Wtorek');
INSERT INTO ztblDniSemestru
  (NrSemestru, DataWSemestrze, DzienTygodnia)
  VALUES (1, '2017-10-18', 'Środa');
INSERT INTO ztblDniSemestru
  (NrSemestru, DataWSemestrze, DzienTygodnia)
  VALUES (1, '2017-10-19', 'Czwartek');
INSERT INTO ztblDniSemestru
  (NrSemestru, DataWSemestrze, DzienTygodnia)
  VALUES (1, '2017-10-20', 'Piątek');
INSERT INTO ztblDniSemestru
  (NrSemestru, DataWSemestrze, DzienTygodnia)
  VALUES (1, '2017-10-21', 'Sobota');
INSERT INTO ztblDniSemestru
  (NrSemestru, DataWSemestrze, DzienTygodnia)
  VALUES (1, '2017-10-23', 'Poniedziałek');
INSERT INTO ztblDniSemestru
  (NrSemestru, DataWSemestrze, DzienTygodnia)
  VALUES (1, '2017-10-24', 'Wtorek');
INSERT INTO ztblDniSemestru
  (NrSemestru, DataWSemestrze, DzienTygodnia)
  VALUES (1, '2017-10-25', 'Środa');
INSERT INTO ztblDniSemestru
  (NrSemestru, DataWSemestrze, DzienTygodnia)
  VALUES (1, '2017-10-26', 'Czwartek');
INSERT INTO ztblDniSemestru
  (NrSemestru, DataWSemestrze, DzienTygodnia)
  VALUES (1, '2017-10-27', 'Piątek');
INSERT INTO ztblDniSemestru
  (NrSemestru, DataWSemestrze, DzienTygodnia)
  VALUES (1, '2017-10-28', 'Sobota');
INSERT INTO ztblDniSemestru
  (NrSemestru, DataWSemestrze, DzienTygodnia)
  VALUES (1, '2017-10-30', 'Poniedziałek');
INSERT INTO ztblDniSemestru
  (NrSemestru, DataWSemestrze, DzienTygodnia)
  VALUES (1, '2017-10-31', 'Wtorek');
INSERT INTO ztblDniSemestru
  (NrSemestru, DataWSemestrze, DzienTygodnia)
  VALUES (1, '2017-11-01', 'Środa');
INSERT INTO ztblDniSemestru
  (NrSemestru, DataWSemestrze, DzienTygodnia)
  VALUES (1, '2017-11-02', 'Czwartek');
INSERT INTO ztblDniSemestru
  (NrSemestru, DataWSemestrze, DzienTygodnia)
  VALUES (1, '2017-11-03', 'Piątek');
INSERT INTO ztblDniSemestru
  (NrSemestru, DataWSemestrze, DzienTygodnia)
  VALUES (1, '2017-11-04', 'Sobota');
INSERT INTO ztblDniSemestru
  (NrSemestru, DataWSemestrze, DzienTygodnia)
  VALUES (1, '2017-11-06', 'Poniedziałek');
INSERT INTO ztblDniSemestru
  (NrSemestru, DataWSemestrze, DzienTygodnia)
  VALUES (1, '2017-11-07', 'Wtorek');
INSERT INTO ztblDniSemestru
  (NrSemestru, DataWSemestrze, DzienTygodnia)
  VALUES (1, '2017-11-08', 'Środa');
INSERT INTO ztblDniSemestru
  (NrSemestru, DataWSemestrze, DzienTygodnia)
  VALUES (1, '2017-11-09', 'Czwartek');
INSERT INTO ztblDniSemestru
  (NrSemestru, DataWSemestrze, DzienTygodnia)
  VALUES (1, '2017-11-10', 'Piątek');
INSERT INTO ztblDniSemestru
  (NrSemestru, DataWSemestrze, DzienTygodnia)
  VALUES (1, '2017-11-11', 'Sobota');
INSERT INTO ztblDniSemestru
  (NrSemestru, DataWSemestrze, DzienTygodnia)
  VALUES (1, '2017-11-13', 'Poniedziałek');
INSERT INTO ztblDniSemestru
  (NrSemestru, DataWSemestrze, DzienTygodnia)
  VALUES (1, '2017-11-14', 'Wtorek');
INSERT INTO ztblDniSemestru
  (NrSemestru, DataWSemestrze, DzienTygodnia)
  VALUES (1, '2017-11-15', 'Środa');
INSERT INTO ztblDniSemestru
  (NrSemestru, DataWSemestrze, DzienTygodnia)
  VALUES (1, '2017-11-16', 'Czwartek');
INSERT INTO ztblDniSemestru
  (NrSemestru, DataWSemestrze, DzienTygodnia)
  VALUES (1, '2017-11-17', 'Piątek');
INSERT INTO ztblDniSemestru
  (NrSemestru, DataWSemestrze, DzienTygodnia)
  VALUES (1, '2017-11-18', 'Sobota');
INSERT INTO ztblDniSemestru
  (NrSemestru, DataWSemestrze, DzienTygodnia)
  VALUES (1, '2017-11-20', 'Poniedziałek');
INSERT INTO ztblDniSemestru
  (NrSemestru, DataWSemestrze, DzienTygodnia)
  VALUES (1, '2017-11-21', 'Wtorek');
INSERT INTO ztblDniSemestru
  (NrSemestru, DataWSemestrze, DzienTygodnia)
  VALUES (1, '2017-11-22', 'Środa');
INSERT INTO ztblDniSemestru
  (NrSemestru, DataWSemestrze, DzienTygodnia)
  VALUES (1, '2017-11-23', 'Czwartek');
INSERT INTO ztblDniSemestru
  (NrSemestru, DataWSemestrze, DzienTygodnia)
  VALUES (1, '2017-11-24', 'Piątek');
INSERT INTO ztblDniSemestru
  (NrSemestru, DataWSemestrze, DzienTygodnia)
  VALUES (1, '2017-11-25', 'Sobota');
INSERT INTO ztblDniSemestru
  (NrSemestru, DataWSemestrze, DzienTygodnia)
  VALUES (1, '2017-11-27', 'Poniedziałek');
INSERT INTO ztblDniSemestru
  (NrSemestru, DataWSemestrze, DzienTygodnia)
  VALUES (1, '2017-11-28', 'Wtorek');
INSERT INTO ztblDniSemestru
  (NrSemestru, DataWSemestrze, DzienTygodnia)
  VALUES (1, '2017-11-29', 'Środa');
INSERT INTO ztblDniSemestru
  (NrSemestru, DataWSemestrze, DzienTygodnia)
  VALUES (1, '2017-12-01', 'Piątek');
INSERT INTO ztblDniSemestru
  (NrSemestru, DataWSemestrze, DzienTygodnia)
  VALUES (1, '2017-12-02', 'Sobota');
INSERT INTO ztblDniSemestru
  (NrSemestru, DataWSemestrze, DzienTygodnia)
  VALUES (1, '2017-12-04', 'Poniedziałek');
INSERT INTO ztblDniSemestru
  (NrSemestru, DataWSemestrze, DzienTygodnia)
  VALUES (1, '2017-12-05', 'Wtorek');
INSERT INTO ztblDniSemestru
  (NrSemestru, DataWSemestrze, DzienTygodnia)
  VALUES (1, '2017-12-06', 'Środa');
INSERT INTO ztblDniSemestru
  (NrSemestru, DataWSemestrze, DzienTygodnia)
  VALUES (1, '2017-12-07', 'Czwartek');
INSERT INTO ztblDniSemestru
  (NrSemestru, DataWSemestrze, DzienTygodnia)
  VALUES (1, '2017-12-08', 'Piątek');
INSERT INTO ztblDniSemestru
  (NrSemestru, DataWSemestrze, DzienTygodnia)
  VALUES (1, '2017-12-09', 'Sobota');
INSERT INTO ztblDniSemestru
  (NrSemestru, DataWSemestrze, DzienTygodnia)
  VALUES (1, '2017-12-11', 'Poniedziałek');
INSERT INTO ztblDniSemestru
  (NrSemestru, DataWSemestrze, DzienTygodnia)
  VALUES (1, '2017-12-12', 'Wtorek');
INSERT INTO ztblDniSemestru
  (NrSemestru, DataWSemestrze, DzienTygodnia)
  VALUES (1, '2017-12-13', 'Środa');
INSERT INTO ztblDniSemestru
  (NrSemestru, DataWSemestrze, DzienTygodnia)
  VALUES (1, '2017-12-14', 'Czwartek');
INSERT INTO ztblDniSemestru
  (NrSemestru, DataWSemestrze, DzienTygodnia)
  VALUES (1, '2017-12-15', 'Piątek');
INSERT INTO ztblDniSemestru
  (NrSemestru, DataWSemestrze, DzienTygodnia)
  VALUES (1, '2017-12-16', 'Sobota');
INSERT INTO ztblDniSemestru
  (NrSemestru, DataWSemestrze, DzienTygodnia)
  VALUES (1, '2017-12-18', 'Poniedziałek');
INSERT INTO ztblDniSemestru
  (NrSemestru, DataWSemestrze, DzienTygodnia)
  VALUES (1, '2017-12-19', 'Wtorek');
INSERT INTO ztblDniSemestru
  (NrSemestru, DataWSemestrze, DzienTygodnia)
  VALUES (1, '2017-12-20', 'Środa');
INSERT INTO ztblDniSemestru
  (NrSemestru, DataWSemestrze, DzienTygodnia)
  VALUES (1, '2017-12-21', 'Czwartek');
INSERT INTO ztblDniSemestru
  (NrSemestru, DataWSemestrze, DzienTygodnia)
  VALUES (1, '2017-12-22', 'Piątek');
INSERT INTO ztblDniSemestru
  (NrSemestru, DataWSemestrze, DzienTygodnia)
  VALUES (1, '2017-12-23', 'Sobota');
INSERT INTO ztblDniSemestru
  (NrSemestru, DataWSemestrze, DzienTygodnia)
  VALUES (2, '2018-01-15', 'Poniedziałek');
INSERT INTO ztblDniSemestru
  (NrSemestru, DataWSemestrze, DzienTygodnia)
  VALUES (2, '2018-01-16', 'Wtorek');
INSERT INTO ztblDniSemestru
  (NrSemestru, DataWSemestrze, DzienTygodnia)
  VALUES (2, '2018-01-17', 'Środa');
INSERT INTO ztblDniSemestru
  (NrSemestru, DataWSemestrze, DzienTygodnia)
  VALUES (2, '2018-01-18', 'Czwartek');
INSERT INTO ztblDniSemestru
  (NrSemestru, DataWSemestrze, DzienTygodnia)
  VALUES (2, '2018-01-19', 'Piątek');
INSERT INTO ztblDniSemestru
  (NrSemestru, DataWSemestrze, DzienTygodnia)
  VALUES (2, '2018-01-20', 'Sobota');
INSERT INTO ztblDniSemestru
  (NrSemestru, DataWSemestrze, DzienTygodnia)
  VALUES (2, '2018-01-23', 'Wtorek');
INSERT INTO ztblDniSemestru
  (NrSemestru, DataWSemestrze, DzienTygodnia)
  VALUES (2, '2018-01-24', 'Środa');
INSERT INTO ztblDniSemestru
  (NrSemestru, DataWSemestrze, DzienTygodnia)
  VALUES (2, '2018-01-25', 'Czwartek');
INSERT INTO ztblDniSemestru
  (NrSemestru, DataWSemestrze, DzienTygodnia)
  VALUES (2, '2018-01-26', 'Piątek');
INSERT INTO ztblDniSemestru
  (NrSemestru, DataWSemestrze, DzienTygodnia)
  VALUES (2, '2018-01-27', 'Sobota');
INSERT INTO ztblDniSemestru
  (NrSemestru, DataWSemestrze, DzienTygodnia)
  VALUES (2, '2018-01-29', 'Poniedziałek');
INSERT INTO ztblDniSemestru
  (NrSemestru, DataWSemestrze, DzienTygodnia)
  VALUES (2, '2018-01-30', 'Wtorek');
INSERT INTO ztblDniSemestru
  (NrSemestru, DataWSemestrze, DzienTygodnia)
  VALUES (2, '2018-01-31', 'Środa');
INSERT INTO ztblDniSemestru
  (NrSemestru, DataWSemestrze, DzienTygodnia)
  VALUES (2, '2018-02-01', 'Czwartek');
INSERT INTO ztblDniSemestru
  (NrSemestru, DataWSemestrze, DzienTygodnia)
  VALUES (2, '2018-02-02', 'Piątek');
INSERT INTO ztblDniSemestru
  (NrSemestru, DataWSemestrze, DzienTygodnia)
  VALUES (2, '2018-02-03', 'Sobota');
INSERT INTO ztblDniSemestru
  (NrSemestru, DataWSemestrze, DzienTygodnia)
  VALUES (2, '2018-02-05', 'Poniedziałek');
INSERT INTO ztblDniSemestru
  (NrSemestru, DataWSemestrze, DzienTygodnia)
  VALUES (2, '2018-02-06', 'Wtorek');
INSERT INTO ztblDniSemestru
  (NrSemestru, DataWSemestrze, DzienTygodnia)
  VALUES (2, '2018-02-07', 'Środa');
INSERT INTO ztblDniSemestru
  (NrSemestru, DataWSemestrze, DzienTygodnia)
  VALUES (2, '2018-02-08', 'Czwartek');
INSERT INTO ztblDniSemestru
  (NrSemestru, DataWSemestrze, DzienTygodnia)
  VALUES (2, '2018-02-09', 'Piątek');
INSERT INTO ztblDniSemestru
  (NrSemestru, DataWSemestrze, DzienTygodnia)
  VALUES (2, '2018-02-10', 'Sobota');
INSERT INTO ztblDniSemestru
  (NrSemestru, DataWSemestrze, DzienTygodnia)
  VALUES (2, '2018-02-12', 'Poniedziałek');
INSERT INTO ztblDniSemestru
  (NrSemestru, DataWSemestrze, DzienTygodnia)
  VALUES (2, '2018-02-13', 'Wtorek');
INSERT INTO ztblDniSemestru
  (NrSemestru, DataWSemestrze, DzienTygodnia)
  VALUES (2, '2018-02-14', 'Środa');
INSERT INTO ztblDniSemestru
  (NrSemestru, DataWSemestrze, DzienTygodnia)
  VALUES (2, '2018-02-15', 'Czwartek');
INSERT INTO ztblDniSemestru
  (NrSemestru, DataWSemestrze, DzienTygodnia)
  VALUES (2, '2018-02-16', 'Piątek');
INSERT INTO ztblDniSemestru
  (NrSemestru, DataWSemestrze, DzienTygodnia)
  VALUES (2, '2018-02-17', 'Sobota');
INSERT INTO ztblDniSemestru
  (NrSemestru, DataWSemestrze, DzienTygodnia)
  VALUES (2, '2018-02-19', 'Poniedziałek');
INSERT INTO ztblDniSemestru
  (NrSemestru, DataWSemestrze, DzienTygodnia)
  VALUES (2, '2018-02-20', 'Wtorek');
INSERT INTO ztblDniSemestru
  (NrSemestru, DataWSemestrze, DzienTygodnia)
  VALUES (2, '2018-02-21', 'Środa');
INSERT INTO ztblDniSemestru
  (NrSemestru, DataWSemestrze, DzienTygodnia)
  VALUES (2, '2018-02-23', 'Piątek');
INSERT INTO ztblDniSemestru
  (NrSemestru, DataWSemestrze, DzienTygodnia)
  VALUES (2, '2018-02-24', 'Sobota');
INSERT INTO ztblDniSemestru
  (NrSemestru, DataWSemestrze, DzienTygodnia)
  VALUES (2, '2018-02-26', 'Poniedziałek');
INSERT INTO ztblDniSemestru
  (NrSemestru, DataWSemestrze, DzienTygodnia)
  VALUES (2, '2018-02-27', 'Wtorek');
INSERT INTO ztblDniSemestru
  (NrSemestru, DataWSemestrze, DzienTygodnia)
  VALUES (2, '2018-02-28', 'Środa');
INSERT INTO ztblDniSemestru
  (NrSemestru, DataWSemestrze, DzienTygodnia)
  VALUES (2, '2018-03-01', 'Czwartek');
INSERT INTO ztblDniSemestru
  (NrSemestru, DataWSemestrze, DzienTygodnia)
  VALUES (2, '2018-03-02', 'Piątek');
INSERT INTO ztblDniSemestru
  (NrSemestru, DataWSemestrze, DzienTygodnia)
  VALUES (2, '2018-03-03', 'Sobota');
INSERT INTO ztblDniSemestru
  (NrSemestru, DataWSemestrze, DzienTygodnia)
  VALUES (2, '2018-03-05', 'Poniedziałek');
INSERT INTO ztblDniSemestru
  (NrSemestru, DataWSemestrze, DzienTygodnia)
  VALUES (2, '2018-03-06', 'Wtorek');
INSERT INTO ztblDniSemestru
  (NrSemestru, DataWSemestrze, DzienTygodnia)
  VALUES (2, '2018-03-07', 'Środa');
INSERT INTO ztblDniSemestru
  (NrSemestru, DataWSemestrze, DzienTygodnia)
  VALUES (2, '2018-03-08', 'Czwartek');
INSERT INTO ztblDniSemestru
  (NrSemestru, DataWSemestrze, DzienTygodnia)
  VALUES (2, '2018-03-09', 'Piątek');
INSERT INTO ztblDniSemestru
  (NrSemestru, DataWSemestrze, DzienTygodnia)
  VALUES (2, '2018-03-10', 'Sobota');
INSERT INTO ztblDniSemestru
  (NrSemestru, DataWSemestrze, DzienTygodnia)
  VALUES (2, '2018-03-19', 'Poniedziałek');
INSERT INTO ztblDniSemestru
  (NrSemestru, DataWSemestrze, DzienTygodnia)
  VALUES (2, '2018-03-20', 'Wtorek');
INSERT INTO ztblDniSemestru
  (NrSemestru, DataWSemestrze, DzienTygodnia)
  VALUES (2, '2018-03-21', 'Środa');
INSERT INTO ztblDniSemestru
  (NrSemestru, DataWSemestrze, DzienTygodnia)
  VALUES (2, '2018-03-22', 'Czwartek');
INSERT INTO ztblDniSemestru
  (NrSemestru, DataWSemestrze, DzienTygodnia)
  VALUES (2, '2018-03-23', 'Piątek');
INSERT INTO ztblDniSemestru
  (NrSemestru, DataWSemestrze, DzienTygodnia)
  VALUES (2, '2018-03-24', 'Sobota');
INSERT INTO ztblDniSemestru
  (NrSemestru, DataWSemestrze, DzienTygodnia)
  VALUES (2, '2018-03-26', 'Poniedziałek');
INSERT INTO ztblDniSemestru
  (NrSemestru, DataWSemestrze, DzienTygodnia)
  VALUES (2, '2018-03-27', 'Wtorek');
INSERT INTO ztblDniSemestru
  (NrSemestru, DataWSemestrze, DzienTygodnia)
  VALUES (2, '2018-03-28', 'Środa');
INSERT INTO ztblDniSemestru
  (NrSemestru, DataWSemestrze, DzienTygodnia)
  VALUES (2, '2018-03-29', 'Czwartek');
INSERT INTO ztblDniSemestru
  (NrSemestru, DataWSemestrze, DzienTygodnia)
  VALUES (2, '2018-03-30', 'Piątek');
INSERT INTO ztblDniSemestru
  (NrSemestru, DataWSemestrze, DzienTygodnia)
  VALUES (2, '2018-03-31', 'Sobota');
INSERT INTO ztblDniSemestru
  (NrSemestru, DataWSemestrze, DzienTygodnia)
  VALUES (2, '2018-04-02', 'Poniedziałek');
INSERT INTO ztblDniSemestru
  (NrSemestru, DataWSemestrze, DzienTygodnia)
  VALUES (2, '2018-04-03', 'Wtorek');
INSERT INTO ztblDniSemestru
  (NrSemestru, DataWSemestrze, DzienTygodnia)
  VALUES (2, '2018-04-04', 'Środa');
INSERT INTO ztblDniSemestru
  (NrSemestru, DataWSemestrze, DzienTygodnia)
  VALUES (2, '2018-04-05', 'Czwartek');
INSERT INTO ztblDniSemestru
  (NrSemestru, DataWSemestrze, DzienTygodnia)
  VALUES (2, '2018-04-06', 'Piątek');
INSERT INTO ztblDniSemestru
  (NrSemestru, DataWSemestrze, DzienTygodnia)
  VALUES (2, '2018-04-07', 'Sobota');
INSERT INTO ztblDniSemestru
  (NrSemestru, DataWSemestrze, DzienTygodnia)
  VALUES (2, '2018-04-09', 'Poniedziałek');
INSERT INTO ztblDniSemestru
  (NrSemestru, DataWSemestrze, DzienTygodnia)
  VALUES (2, '2018-04-10', 'Wtorek');
INSERT INTO ztblDniSemestru
  (NrSemestru, DataWSemestrze, DzienTygodnia)
  VALUES (2, '2018-04-11', 'Środa');
INSERT INTO ztblDniSemestru
  (NrSemestru, DataWSemestrze, DzienTygodnia)
  VALUES (2, '2018-04-12', 'Czwartek');
INSERT INTO ztblDniSemestru
  (NrSemestru, DataWSemestrze, DzienTygodnia)
  VALUES (2, '2018-04-13', 'Piątek');
INSERT INTO ztblDniSemestru
  (NrSemestru, DataWSemestrze, DzienTygodnia)
  VALUES (2, '2018-04-14', 'Sobota');
INSERT INTO ztblDniSemestru
  (NrSemestru, DataWSemestrze, DzienTygodnia)
  VALUES (2, '2018-04-16', 'Poniedziałek');
INSERT INTO ztblDniSemestru
  (NrSemestru, DataWSemestrze, DzienTygodnia)
  VALUES (2, '2018-04-17', 'Wtorek');
INSERT INTO ztblDniSemestru
  (NrSemestru, DataWSemestrze, DzienTygodnia)
  VALUES (2, '2018-04-18', 'Środa');
INSERT INTO ztblDniSemestru
  (NrSemestru, DataWSemestrze, DzienTygodnia)
  VALUES (2, '2018-04-19', 'Czwartek');
INSERT INTO ztblDniSemestru
  (NrSemestru, DataWSemestrze, DzienTygodnia)
  VALUES (2, '2018-04-21', 'Sobota');
INSERT INTO ztblDniSemestru
  (NrSemestru, DataWSemestrze, DzienTygodnia)
  VALUES (2, '2018-04-23', 'Poniedziałek');
INSERT INTO ztblDniSemestru
  (NrSemestru, DataWSemestrze, DzienTygodnia)
  VALUES (2, '2018-04-24', 'Wtorek');
INSERT INTO ztblDniSemestru
  (NrSemestru, DataWSemestrze, DzienTygodnia)
  VALUES (2, '2018-04-25', 'Środa');
INSERT INTO ztblDniSemestru
  (NrSemestru, DataWSemestrze, DzienTygodnia)
  VALUES (2, '2018-04-26', 'Czwartek');
INSERT INTO ztblDniSemestru
  (NrSemestru, DataWSemestrze, DzienTygodnia)
  VALUES (2, '2018-04-27', 'Piątek');
INSERT INTO ztblDniSemestru
  (NrSemestru, DataWSemestrze, DzienTygodnia)
  VALUES (2, '2018-04-28', 'Sobota');
INSERT INTO ztblDniSemestru
  (NrSemestru, DataWSemestrze, DzienTygodnia)
  VALUES (2, '2018-04-30', 'Poniedziałek');
INSERT INTO ztblDniSemestru
  (NrSemestru, DataWSemestrze, DzienTygodnia)
  VALUES (2, '2018-05-01', 'Wtorek');
INSERT INTO ztblDniSemestru
  (NrSemestru, DataWSemestrze, DzienTygodnia)
  VALUES (2, '2018-05-02', 'Środa');
INSERT INTO ztblDniSemestru
  (NrSemestru, DataWSemestrze, DzienTygodnia)
  VALUES (2, '2018-05-03', 'Czwartek');
INSERT INTO ztblDniSemestru
  (NrSemestru, DataWSemestrze, DzienTygodnia)
  VALUES (2, '2018-05-04', 'Piątek');
INSERT INTO ztblDniSemestru
  (NrSemestru, DataWSemestrze, DzienTygodnia)
  VALUES (2, '2018-05-05', 'Sobota');
 
INSERT INTO ztblNumeryKolejne
  (NrKolejny)
  VALUES (1);
INSERT INTO ztblNumeryKolejne
  (NrKolejny)
  VALUES (2);
INSERT INTO ztblNumeryKolejne
  (NrKolejny)
  VALUES (3);
INSERT INTO ztblNumeryKolejne
  (NrKolejny)
  VALUES (4);
INSERT INTO ztblNumeryKolejne
  (NrKolejny)
  VALUES (5);
INSERT INTO ztblNumeryKolejne
  (NrKolejny)
  VALUES (6);
INSERT INTO ztblNumeryKolejne
  (NrKolejny)
  VALUES (7);
INSERT INTO ztblNumeryKolejne
  (NrKolejny)
  VALUES (8);
INSERT INTO ztblNumeryKolejne
  (NrKolejny)
  VALUES (9);
INSERT INTO ztblNumeryKolejne
  (NrKolejny)
  VALUES (10);
INSERT INTO ztblNumeryKolejne
  (NrKolejny)
  VALUES (11);
INSERT INTO ztblNumeryKolejne
  (NrKolejny)
  VALUES (12);
INSERT INTO ztblNumeryKolejne
  (NrKolejny)
  VALUES (13);
INSERT INTO ztblNumeryKolejne
  (NrKolejny)
  VALUES (14);
INSERT INTO ztblNumeryKolejne
  (NrKolejny)
  VALUES (15);
INSERT INTO ztblNumeryKolejne
  (NrKolejny)
  VALUES (16);
INSERT INTO ztblNumeryKolejne
  (NrKolejny)
  VALUES (17);
INSERT INTO ztblNumeryKolejne
  (NrKolejny)
  VALUES (18);
INSERT INTO ztblNumeryKolejne
  (NrKolejny)
  VALUES (19);
INSERT INTO ztblNumeryKolejne
  (NrKolejny)
  VALUES (20);
INSERT INTO ztblNumeryKolejne
  (NrKolejny)
  VALUES (21);
INSERT INTO ztblNumeryKolejne
  (NrKolejny)
  VALUES (22);
INSERT INTO ztblNumeryKolejne
  (NrKolejny)
  VALUES (23);
INSERT INTO ztblNumeryKolejne
  (NrKolejny)
  VALUES (24);
INSERT INTO ztblNumeryKolejne
  (NrKolejny)
  VALUES (25);
INSERT INTO ztblNumeryKolejne
  (NrKolejny)
  VALUES (26);
INSERT INTO ztblNumeryKolejne
  (NrKolejny)
  VALUES (27);
INSERT INTO ztblNumeryKolejne
  (NrKolejny)
  VALUES (28);
INSERT INTO ztblNumeryKolejne
  (NrKolejny)
  VALUES (29);
INSERT INTO ztblNumeryKolejne
  (NrKolejny)
  VALUES (30);
INSERT INTO ztblNumeryKolejne
  (NrKolejny)
  VALUES (31);
INSERT INTO ztblNumeryKolejne
  (NrKolejny)
  VALUES (32);
INSERT INTO ztblNumeryKolejne
  (NrKolejny)
  VALUES (33);
INSERT INTO ztblNumeryKolejne
  (NrKolejny)
  VALUES (34);
INSERT INTO ztblNumeryKolejne
  (NrKolejny)
  VALUES (35);
INSERT INTO ztblNumeryKolejne
  (NrKolejny)
  VALUES (36);
INSERT INTO ztblNumeryKolejne
  (NrKolejny)
  VALUES (37);
INSERT INTO ztblNumeryKolejne
  (NrKolejny)
  VALUES (38);
INSERT INTO ztblNumeryKolejne
  (NrKolejny)
  VALUES (39);
INSERT INTO ztblNumeryKolejne
  (NrKolejny)
  VALUES (40);
INSERT INTO ztblNumeryKolejne
  (NrKolejny)
  VALUES (41);
INSERT INTO ztblNumeryKolejne
  (NrKolejny)
  VALUES (42);
INSERT INTO ztblNumeryKolejne
  (NrKolejny)
  VALUES (43);
INSERT INTO ztblNumeryKolejne
  (NrKolejny)
  VALUES (44);
INSERT INTO ztblNumeryKolejne
  (NrKolejny)
  VALUES (45);
INSERT INTO ztblNumeryKolejne
  (NrKolejny)
  VALUES (46);
INSERT INTO ztblNumeryKolejne
  (NrKolejny)
  VALUES (47);
INSERT INTO ztblNumeryKolejne
  (NrKolejny)
  VALUES (48);
INSERT INTO ztblNumeryKolejne
  (NrKolejny)
  VALUES (49);
INSERT INTO ztblNumeryKolejne
  (NrKolejny)
  VALUES (50);
INSERT INTO ztblNumeryKolejne
  (NrKolejny)
  VALUES (51);
INSERT INTO ztblNumeryKolejne
  (NrKolejny)
  VALUES (52);
INSERT INTO ztblNumeryKolejne
  (NrKolejny)
  VALUES (53);
INSERT INTO ztblNumeryKolejne
  (NrKolejny)
  VALUES (54);
INSERT INTO ztblNumeryKolejne
  (NrKolejny)
  VALUES (55);
INSERT INTO ztblNumeryKolejne
  (NrKolejny)
  VALUES (56);
INSERT INTO ztblNumeryKolejne
  (NrKolejny)
  VALUES (57);
INSERT INTO ztblNumeryKolejne
  (NrKolejny)
  VALUES (58);
INSERT INTO ztblNumeryKolejne
  (NrKolejny)
  VALUES (59);
INSERT INTO ztblNumeryKolejne
  (NrKolejny)
  VALUES (60);
 
